generating_model,dataset_id,candidate_model,loss_function,network_tag,summary_dim,num_dims,num_obs,analytical_logml,analytical_pmp,direct_pmp,signed_pmp_error,absolute_pmp_error,signed_pmp_error_lower_threshold,signed_pmp_error_threshold,signed_pmp_error_median
m1,0,m1,exponential,direct_exponential,12,20,10,-329.171074251521,0.600938277388012,0.6067050099372864,0.0057667325492744,0.0057667325492744,-0.00946546749487497,0.0094654391826686,8.541969079766884e-13
m1,1,m1,exponential,direct_exponential,12,20,10,-300.4312590633698,0.4837457782171251,0.4826175272464752,-0.001128250970649891,0.001128250970649891,-0.00946546749487497,0.0094654391826686,8.541969079766884e-13
m1,2,m1,exponential,direct_exponential,12,20,10,-302.45953728856813,0.5631643417255046,0.5736998915672302,0.010535549841725667,0.010535549841725667,-0.00946546749487497,0.0094654391826686,8.541969079766884e-13
m1,3,m1,exponential,direct_exponential,12,20,10,-294.4345512448196,0.5587729599501392,0.5626327395439148,0.003859779593775592,0.003859779593775592,-0.00946546749487497,0.0094654391826686,8.541969079766884e-13
m1,4,m1,exponential,direct_exponential,12,20,10,-320.8441246248681,0.7275469393356676,0.7112125158309937,-0.016334423504673956,0.016334423504673956,-0.00946546749487497,0.0094654391826686,8.541969079766884e-13
m1,5,m1,exponential,direct_exponential,12,20,10,-282.8604065115678,0.5448987576025334,0.5430229902267456,-0.0018757673757877624,0.0018757673757877624,-0.00946546749487497,0.0094654391826686,8.541969079766884e-13
m1,6,m1,exponential,direct_exponential,12,20,10,-301.75651071023725,0.5991896175093492,0.6025908589363098,0.003401241426960633,0.003401241426960633,-0.00946546749487497,0.0094654391826686,8.541969079766884e-13
m1,7,m1,exponential,direct_exponential,12,20,10,-327.8887197358842,0.5956192389635993,0.6049654483795166,0.00934620941591735,0.00934620941591735,-0.00946546749487497,0.0094654391826686,8.541969079766884e-13
m1,8,m1,exponential,direct_exponential,12,20,10,-314.5696388672116,0.5580958750293995,0.567746102809906,0.009650227780506504,0.009650227780506504,-0.00946546749487497,0.0094654391826686,8.541969079766884e-13
m1,9,m1,exponential,direct_exponential,12,20,10,-307.5215362113585,0.5946640265332204,0.5974067449569702,0.002742718423749846,0.002742718423749846,-0.00946546749487497,0.0094654391826686,8.541969079766884e-13
m1,10,m1,exponential,direct_exponential,12,20,10,-308.0196893143909,0.6699074178965371,0.6655870676040649,-0.00432035029247213,0.00432035029247213,-0.00946546749487497,0.0094654391826686,8.541969079766884e-13
m1,11,m1,exponential,direct_exponential,12,20,10,-323.5735033035436,0.6247053684645718,0.6310811638832092,0.00637579541863742,0.00637579541863742,-0.00946546749487497,0.0094654391826686,8.541969079766884e-13
m1,12,m1,exponential,direct_exponential,12,20,10,-307.97452741899156,0.49684063630521,0.4928721785545349,-0.003968457750675114,0.003968457750675114,-0.00946546749487497,0.0094654391826686,8.541969079766884e-13
m1,13,m1,exponential,direct_exponential,12,20,10,-301.7125081279486,0.39682085580622994,0.4029616415500641,0.006140785743834143,0.006140785743834143,-0.00946546749487497,0.0094654391826686,8.541969079766884e-13
m1,14,m1,exponential,direct_exponential,12,20,10,-305.84819451017853,0.5166914328630773,0.5102730393409729,-0.006418393522104382,0.006418393522104382,-0.00946546749487497,0.0094654391826686,8.541969079766884e-13
m1,15,m1,exponential,direct_exponential,12,20,10,-294.7844618749709,0.29299544717810627,0.2981872260570526,0.00519177887894634,0.00519177887894634,-0.00946546749487497,0.0094654391826686,8.541969079766884e-13
m1,16,m1,exponential,direct_exponential,12,20,10,-305.1194258153021,0.4047504929346083,0.41207781434059143,0.007327321405983134,0.007327321405983134,-0.00946546749487497,0.0094654391826686,8.541969079766884e-13
m1,17,m1,exponential,direct_exponential,12,20,10,-308.68358677125957,0.48295855240405505,0.492414265871048,0.009455713466992921,0.009455713466992921,-0.00946546749487497,0.0094654391826686,8.541969079766884e-13
m1,18,m1,exponential,direct_exponential,12,20,10,-303.7061906689067,0.7040915182268374,0.6929645538330078,-0.011126964393829541,0.011126964393829541,-0.00946546749487497,0.0094654391826686,8.541969079766884e-13
m1,19,m1,exponential,direct_exponential,12,20,10,-315.9360661660434,0.5046129080198932,0.5111277103424072,0.006514802322514002,0.006514802322514002,-0.00946546749487497,0.0094654391826686,8.541969079766884e-13
m1,20,m1,exponential,direct_exponential,12,20,10,-305.29759986312064,0.5716007214570047,0.5603340864181519,-0.011266635038852835,0.011266635038852835,-0.00946546749487497,0.0094654391826686,8.541969079766884e-13
m1,21,m1,exponential,direct_exponential,12,20,10,-312.601769832102,0.44429897118685224,0.4501802623271942,0.005881291140341971,0.005881291140341971,-0.00946546749487497,0.0094654391826686,8.541969079766884e-13
m1,22,m1,exponential,direct_exponential,12,20,10,-314.3393595992308,0.3673979532290773,0.38100308179855347,0.013605128569476155,0.013605128569476155,-0.00946546749487497,0.0094654391826686,8.541969079766884e-13
m1,23,m1,exponential,direct_exponential,12,20,10,-305.21727588944134,0.7090994985542307,0.7026017904281616,-0.0064977081260690905,0.0064977081260690905,-0.00946546749487497,0.0094654391826686,8.541969079766884e-13
m1,24,m1,exponential,direct_exponential,12,20,10,-299.4072077726794,0.3621874004526295,0.36459991335868835,0.0024125129060588724,0.0024125129060588724,-0.00946546749487497,0.0094654391826686,8.541969079766884e-13
m1,25,m1,exponential,direct_exponential,12,20,10,-321.84774996615255,0.4344642155067839,0.43988898396492004,0.005424768458136164,0.005424768458136164,-0.00946546749487497,0.0094654391826686,8.541969079766884e-13
m1,26,m1,exponential,direct_exponential,12,20,10,-314.28693834904976,0.5764975254881047,0.5803296566009521,0.0038321311128474145,0.0038321311128474145,-0.00946546749487497,0.0094654391826686,8.541969079766884e-13
m1,27,m1,exponential,direct_exponential,12,20,10,-338.8191753929853,0.6736131904228126,0.6710363626480103,-0.0025768277748023927,0.0025768277748023927,-0.00946546749487497,0.0094654391826686,8.541969079766884e-13
m1,28,m1,exponential,direct_exponential,12,20,10,-317.6076728990871,0.5404741542044688,0.5376366972923279,-0.002837456912140879,0.002837456912140879,-0.00946546749487497,0.0094654391826686,8.541969079766884e-13
m1,29,m1,exponential,direct_exponential,12,20,10,-301.8503274650294,0.4790719747947867,0.4797596335411072,0.0006876587463204853,0.0006876587463204853,-0.00946546749487497,0.0094654391826686,8.541969079766884e-13
m2,0,m1,exponential,direct_exponential,12,20,10,-381.6311286635924,9.333250371577624e-34,5.255990186719098e-34,-4.0772601848585256e-34,4.0772601848585256e-34,-4.778496447196808e-28,1.2009310674353897e-18,0.0
m2,1,m1,exponential,direct_exponential,12,20,10,-378.6137127935038,4.195092634830613e-32,8.829635817415378e-34,-4.1067962766564594e-32,4.1067962766564594e-32,-4.778496447196808e-28,1.2009310674353897e-18,0.0
m2,2,m1,exponential,direct_exponential,12,20,10,-387.14606519313094,4.960813862438117e-32,3.948556237744105e-34,-4.921328300060676e-32,4.921328300060676e-32,-4.778496447196808e-28,1.2009310674353897e-18,0.0
m2,3,m1,exponential,direct_exponential,12,20,10,-379.31732069493495,1.0575303285731488e-34,5.585692589690119e-35,-4.989610696041369e-35,4.989610696041369e-35,-4.778496447196808e-28,1.2009310674353897e-18,0.0
m2,4,m1,exponential,direct_exponential,12,20,10,-364.2086238664271,2.772091227705032e-24,6.775320216741255e-33,-2.772091220929712e-24,2.772091220929712e-24,-4.778496447196808e-28,1.2009310674353897e-18,0.0
m2,5,m1,exponential,direct_exponential,12,20,10,-372.57202834404876,2.364415895218977e-31,9.519256108714581e-34,-2.3548966391102622e-31,2.3548966391102622e-31,-4.778496447196808e-28,1.2009310674353897e-18,0.0
m2,6,m1,exponential,direct_exponential,12,20,10,-382.21853358442837,4.192694528132811e-39,3.1139593938132426e-37,3.0720324485319147e-37,3.0720324485319147e-37,-4.778496447196808e-28,1.2009310674353897e-18,0.0
m2,7,m1,exponential,direct_exponential,12,20,10,-397.239724405065,1.4319647230749506e-38,1.1854889944100133e-36,1.1711693471792638e-36,1.1711693471792638e-36,-4.778496447196808e-28,1.2009310674353897e-18,0.0
m2,8,m1,exponential,direct_exponential,12,20,10,-406.8028473989473,2.781839294174342e-36,1.713452158653322e-36,-1.0683871355210201e-36,1.0683871355210201e-36,-4.778496447196808e-28,1.2009310674353897e-18,0.0
m2,9,m1,exponential,direct_exponential,12,20,10,-395.8784021189926,1.2147732941794738e-37,4.0402644843427327e-35,4.028116751400938e-35,4.028116751400938e-35,-4.778496447196808e-28,1.2009310674353897e-18,0.0
m2,10,m1,exponential,direct_exponential,12,20,10,-353.75499535660407,4.461484622031407e-28,2.0357793404586017e-33,-4.461464264238003e-28,4.461464264238003e-28,-4.778496447196808e-28,1.2009310674353897e-18,0.0
m2,11,m1,exponential,direct_exponential,12,20,10,-405.6787944821002,5.245915312963343e-40,2.338254275172642e-35,2.3382018160195125e-35,2.3382018160195125e-35,-4.778496447196808e-28,1.2009310674353897e-18,0.0
m2,12,m1,exponential,direct_exponential,12,20,10,-423.0952413979181,3.152160555886735e-42,1.6746213934797412e-37,1.6745898718741823e-37,1.6745898718741823e-37,-4.778496447196808e-28,1.2009310674353897e-18,0.0
m2,13,m1,exponential,direct_exponential,12,20,10,-369.5233390428786,1.0802255951786507e-27,1.480283726006389e-32,-1.0802107923413907e-27,1.0802107923413907e-27,-4.778496447196808e-28,1.2009310674353897e-18,0.0
m2,14,m1,exponential,direct_exponential,12,20,10,-388.1177294146954,2.7953486958573418e-39,1.3255490673893593e-36,1.322753718693502e-36,1.322753718693502e-36,-4.778496447196808e-28,1.2009310674353897e-18,0.0
m2,15,m1,exponential,direct_exponential,12,20,10,-397.15467173101837,9.918564028077456e-40,9.220490085396266e-37,9.210571521368189e-37,9.210571521368189e-37,-4.778496447196808e-28,1.2009310674353897e-18,0.0
m2,16,m1,exponential,direct_exponential,12,20,10,-364.5558029790129,2.8324310987918713e-28,1.228416061585467e-32,-2.8323082571857127e-28,2.8323082571857127e-28,-4.778496447196808e-28,1.2009310674353897e-18,0.0
m2,17,m1,exponential,direct_exponential,12,20,10,-375.1287378603346,8.88698665667207e-32,2.9639570073360226e-37,-8.886957017101996e-32,8.886957017101996e-32,-4.778496447196808e-28,1.2009310674353897e-18,0.0
m2,18,m1,exponential,direct_exponential,12,20,10,-379.153397826761,1.3305538186919377e-35,1.1236627555231241e-35,-2.068910631688136e-36,2.068910631688136e-36,-4.778496447196808e-28,1.2009310674353897e-18,0.0
m2,19,m1,exponential,direct_exponential,12,20,10,-394.7396410022034,6.869550572509719e-34,1.2606432184092377e-35,-6.7434862506687955e-34,6.7434862506687955e-34,-4.778496447196808e-28,1.2009310674353897e-18,0.0
m2,20,m1,exponential,direct_exponential,12,20,10,-399.1862484777403,9.248037440992861e-39,1.0479683522656391e-35,1.0470435485215398e-35,1.0470435485215398e-35,-4.778496447196808e-28,1.2009310674353897e-18,0.0
m2,21,m1,exponential,direct_exponential,12,20,10,-390.3038457216205,6.723019097408194e-40,1.897044454047548e-37,1.8903214349501398e-37,1.8903214349501398e-37,-4.778496447196808e-28,1.2009310674353897e-18,0.0
m2,22,m1,exponential,direct_exponential,12,20,10,-408.468369525762,1.1295664334032053e-31,7.12559305912657e-35,-1.1288538740972926e-31,1.1288538740972926e-31,-4.778496447196808e-28,1.2009310674353897e-18,0.0
m2,23,m1,exponential,direct_exponential,12,20,10,-379.48672954118007,1.2391524316788661e-31,4.279941411387851e-34,-1.2348724902674783e-31,1.2348724902674783e-31,-4.778496447196808e-28,1.2009310674353897e-18,0.0
m2,24,m1,exponential,direct_exponential,12,20,10,-377.49418402143147,1.3552499806480015e-34,4.2488664462317244e-36,-1.3127613161856843e-34,1.3127613161856843e-34,-4.778496447196808e-28,1.2009310674353897e-18,0.0
m2,25,m1,exponential,direct_exponential,12,20,10,-393.2474108114978,1.2161259431227443e-39,3.558913134670916e-37,3.5467518752396887e-37,3.5467518752396887e-37,-4.778496447196808e-28,1.2009310674353897e-18,0.0
m2,26,m1,exponential,direct_exponential,12,20,10,-377.4841576758099,1.2006233648917791e-31,1.0759971340142053e-34,-1.199547367757765e-31,1.199547367757765e-31,-4.778496447196808e-28,1.2009310674353897e-18,0.0
m2,27,m1,exponential,direct_exponential,12,20,10,-383.2241544806174,6.044732861012559e-31,1.5730512422477884e-32,-5.88742773678778e-31,5.88742773678778e-31,-4.778496447196808e-28,1.2009310674353897e-18,0.0
m2,28,m1,exponential,direct_exponential,12,20,10,-397.15506212558523,2.546625690083507e-37,3.5650277285459667e-37,1.0184020384624599e-37,1.0184020384624599e-37,-4.778496447196808e-28,1.2009310674353897e-18,0.0
m2,29,m1,exponential,direct_exponential,12,20,10,-417.41000167185865,6.897877436609561e-42,2.1089010067295316e-36,2.1088941088520952e-36,2.1088941088520952e-36,-4.778496447196808e-28,1.2009310674353897e-18,0.0
m3,0,m1,exponential,direct_exponential,12,20,10,-1030.4834335149533,1.0836858540403106e-225,1.9260510673251446e-30,1.9260510673251446e-30,1.9260510673251446e-30,0.0,1.4262121097716201e-18,7.156215886337071e-31
m3,1,m1,exponential,direct_exponential,12,20,10,-1009.5763936928242,2.2933958790393937e-218,9.154060135956836e-33,9.154060135956836e-33,9.154060135956836e-33,0.0,1.4262121097716201e-18,7.156215886337071e-31
m3,2,m1,exponential,direct_exponential,12,20,10,-1214.598431578066,2.3336599530759907e-296,2.8511404303985447e-28,2.8511404303985447e-28,2.8511404303985447e-28,0.0,1.4262121097716201e-18,7.156215886337071e-31
m3,3,m1,exponential,direct_exponential,12,20,10,-1240.7421482460124,4.0452655384097524e-305,2.0301940137865276e-27,2.0301940137865276e-27,2.0301940137865276e-27,0.0,1.4262121097716201e-18,7.156215886337071e-31
m3,4,m1,exponential,direct_exponential,12,20,10,-1023.523931803323,4.360900880805288e-224,2.0337989998194508e-34,2.0337989998194508e-34,2.0337989998194508e-34,0.0,1.4262121097716201e-18,7.156215886337071e-31
m3,5,m1,exponential,direct_exponential,12,20,10,-950.6101009782016,5.953853656232546e-197,7.598850966147114e-28,7.598850966147114e-28,7.598850966147114e-28,0.0,1.4262121097716201e-18,7.156215886337071e-31
m3,6,m1,exponential,direct_exponential,12,20,10,-1088.3048600812342,4.8406752662721685e-248,1.6740967894606936e-23,1.6740967894606936e-23,1.6740967894606936e-23,0.0,1.4262121097716201e-18,7.156215886337071e-31
m3,7,m1,exponential,direct_exponential,12,20,10,-969.1972187626138,2.9400595147195523e-205,2.3658054667903393e-22,2.3658054667903393e-22,2.3658054667903393e-22,0.0,1.4262121097716201e-18,7.156215886337071e-31
m3,8,m1,exponential,direct_exponential,12,20,10,-848.0748492031183,9.200452425488129e-157,5.36934103949338e-13,5.36934103949338e-13,5.36934103949338e-13,0.0,1.4262121097716201e-18,7.156215886337071e-31
m3,9,m1,exponential,direct_exponential,12,20,10,-1223.910646387866,5.279120278626653e-301,3.577997922924003e-37,3.577997922924003e-37,3.577997922924003e-37,0.0,1.4262121097716201e-18,7.156215886337071e-31
m3,10,m1,exponential,direct_exponential,12,20,10,-1022.4937284759441,3.035478096304486e-223,8.94608076094431e-30,8.94608076094431e-30,8.94608076094431e-30,0.0,1.4262121097716201e-18,7.156215886337071e-31
m3,11,m1,exponential,direct_exponential,12,20,10,-1119.472106510109,3.5815628849459182e-261,1.5780444422263074e-26,1.5780444422263074e-26,1.5780444422263074e-26,0.0,1.4262121097716201e-18,7.156215886337071e-31
m3,12,m1,exponential,direct_exponential,12,20,10,-918.7050504652682,1.828132570081217e-184,1.0471246254772533e-21,1.0471246254772533e-21,1.0471246254772533e-21,0.0,1.4262121097716201e-18,7.156215886337071e-31
m3,13,m1,exponential,direct_exponential,12,20,10,-1130.32832455623,2.6566971618472686e-265,0.0,-2.6566971618472686e-265,2.6566971618472686e-265,0.0,1.4262121097716201e-18,7.156215886337071e-31
m3,14,m1,exponential,direct_exponential,12,20,10,-959.7157477312751,8.380705248000546e-199,1.96941876535263e-22,1.96941876535263e-22,1.96941876535263e-22,0.0,1.4262121097716201e-18,7.156215886337071e-31
m3,15,m1,exponential,direct_exponential,12,20,10,-1019.2635047459689,5.3934661082442245e-220,1.1836624752179989e-15,1.1836624752179989e-15,1.1836624752179989e-15,0.0,1.4262121097716201e-18,7.156215886337071e-31
m3,16,m1,exponential,direct_exponential,12,20,10,-1244.1076356357855,5.5078951602864e-310,1.6362690345614233e-33,1.6362690345614233e-33,1.6362690345614233e-33,0.0,1.4262121097716201e-18,7.156215886337071e-31
m3,17,m1,exponential,direct_exponential,12,20,10,-1061.3546226491364,2.3901259455179832e-237,1.226044444721207e-29,1.226044444721207e-29,1.226044444721207e-29,0.0,1.4262121097716201e-18,7.156215886337071e-31
m3,18,m1,exponential,direct_exponential,12,20,10,-1057.001688563786,7.043590186101456e-238,9.362743565035308e-26,9.362743565035308e-26,9.362743565035308e-26,0.0,1.4262121097716201e-18,7.156215886337071e-31
m3,19,m1,exponential,direct_exponential,12,20,10,-1133.728366726042,1.412824866451205e-267,4.2833200392915036e-35,4.2833200392915036e-35,4.2833200392915036e-35,0.0,1.4262121097716201e-18,7.156215886337071e-31
m3,20,m1,exponential,direct_exponential,12,20,10,-1019.3032371278011,2.44550786701658e-223,1.0887966643716274e-27,1.0887966643716274e-27,1.0887966643716274e-27,0.0,1.4262121097716201e-18,7.156215886337071e-31
m3,21,m1,exponential,direct_exponential,12,20,10,-1110.5551994066998,8.406894925393981e-259,5.899671924506265e-26,5.899671924506265e-26,5.899671924506265e-26,0.0,1.4262121097716201e-18,7.156215886337071e-31
m3,22,m1,exponential,direct_exponential,12,20,10,-1078.8313528595295,3.25821439672408e-245,1.80166975788818e-24,1.80166975788818e-24,1.80166975788818e-24,0.0,1.4262121097716201e-18,7.156215886337071e-31
m3,23,m1,exponential,direct_exponential,12,20,10,-1074.9794203795334,1.0622975351738846e-241,2.660023044068885e-33,2.660023044068885e-33,2.660023044068885e-33,0.0,1.4262121097716201e-18,7.156215886337071e-31
m3,24,m1,exponential,direct_exponential,12,20,10,-929.8017285310489,1.082361014640029e-187,2.2718605157099333e-29,2.2718605157099333e-29,2.2718605157099333e-29,0.0,1.4262121097716201e-18,7.156215886337071e-31
m3,25,m1,exponential,direct_exponential,12,20,10,-872.8273558161596,1.4606178725903985e-165,9.232118355746417e-19,9.232118355746417e-19,9.232118355746417e-19,0.0,1.4262121097716201e-18,7.156215886337071e-31
m3,26,m1,exponential,direct_exponential,12,20,10,-982.5973576140157,9.761721469007705e-209,8.84463104695422e-28,8.84463104695422e-28,8.84463104695422e-28,0.0,1.4262121097716201e-18,7.156215886337071e-31
m3,27,m1,exponential,direct_exponential,12,20,10,-1054.2896864576328,5.5577129877458644e-235,1.6778564377761423e-30,1.6778564377761423e-30,1.6778564377761423e-30,0.0,1.4262121097716201e-18,7.156215886337071e-31
m3,28,m1,exponential,direct_exponential,12,20,10,-1186.7301552588497,3.1560734369193982e-288,1.0107229566788258e-30,1.0107229566788258e-30,1.0107229566788258e-30,0.0,1.4262121097716201e-18,7.156215886337071e-31
m3,29,m1,exponential,direct_exponential,12,20,10,-956.0078459538582,4.2109943404017234e-196,2.515186748418423e-32,2.515186748418423e-32,2.515186748418423e-32,0.0,1.4262121097716201e-18,7.156215886337071e-31
m4,0,m1,exponential,direct_exponential,12,20,10,-297.21320498912536,0.4284751792088071,0.4309956431388855,0.002520463930078376,0.002520463930078376,-0.008599754894118596,0.008599725091796254,8.49748656855942e-13
m4,1,m1,exponential,direct_exponential,12,20,10,-309.25123272674466,0.3934935424378439,0.38588759303092957,-0.007605949406914336,0.007605949406914336,-0.008599754894118596,0.008599725091796254,8.49748656855942e-13
m4,2,m1,exponential,direct_exponential,12,20,10,-309.6846712836539,0.38537019679130696,0.3768126666545868,-0.00855753013672017,0.00855753013672017,-0.008599754894118596,0.008599725091796254,8.49748656855942e-13
m4,3,m1,exponential,direct_exponential,12,20,10,-318.6612395862317,0.7073705503417441,0.696965217590332,-0.010405332751412089,0.010405332751412089,-0.008599754894118596,0.008599725091796254,8.49748656855942e-13
m4,4,m1,exponential,direct_exponential,12,20,10,-309.1705372051437,0.6240445576962159,0.6231095194816589,-0.0009350382145569824,0.0009350382145569824,-0.008599754894118596,0.008599725091796254,8.49748656855942e-13
m4,5,m1,exponential,direct_exponential,12,20,10,-315.0291234999899,0.31474652985359264,0.33160921931266785,0.01686268945907521,0.01686268945907521,-0.008599754894118596,0.008599725091796254,8.49748656855942e-13
m4,6,m1,exponential,direct_exponential,12,20,10,-318.8437203264935,0.6245859803864228,0.6248929500579834,0.0003069696715606307,0.0003069696715606307,-0.008599754894118596,0.008599725091796254,8.49748656855942e-13
m4,7,m1,exponential,direct_exponential,12,20,10,-294.26026590545104,0.5240354234740091,0.5184949636459351,-0.005540459828074051,0.005540459828074051,-0.008599754894118596,0.008599725091796254,8.49748656855942e-13
m4,8,m1,exponential,direct_exponential,12,20,10,-314.03132750814126,0.6745458734323354,0.681393027305603,0.00684715387326762,0.00684715387326762,-0.008599754894118596,0.008599725091796254,8.49748656855942e-13
m4,9,m1,exponential,direct_exponential,12,20,10,-310.5811571872712,0.5175578504499854,0.5150918960571289,-0.002465954392856462,0.002465954392856462,-0.008599754894118596,0.008599725091796254,8.49748656855942e-13
m4,10,m1,exponential,direct_exponential,12,20,10,-310.0170469463669,0.39000795606040767,0.39558926224708557,0.0055813061866779035,0.0055813061866779035,-0.008599754894118596,0.008599725091796254,8.49748656855942e-13
m4,11,m1,exponential,direct_exponential,12,20,10,-298.40989784065295,0.5438568407870125,0.5532588362693787,0.009401995482366199,0.009401995482366199,-0.008599754894118596,0.008599725091796254,8.49748656855942e-13
m4,12,m1,exponential,direct_exponential,12,20,10,-325.17071786732885,0.45430830862021737,0.4587693512439728,0.004461042623755407,0.004461042623755407,-0.008599754894118596,0.008599725091796254,8.49748656855942e-13
m4,13,m1,exponential,direct_exponential,12,20,10,-304.0972188805227,0.452211031313202,0.45169392228126526,-0.0005171090319367466,0.0005171090319367466,-0.008599754894118596,0.008599725091796254,8.49748656855942e-13
m4,14,m1,exponential,direct_exponential,12,20,10,-294.4072164813306,0.44089187922763196,0.45126083493232727,0.010368955704695315,0.010368955704695315,-0.008599754894118596,0.008599725091796254,8.49748656855942e-13
m4,15,m1,exponential,direct_exponential,12,20,10,-314.0230045385151,0.5918605737774516,0.5895372629165649,-0.0023233108608866626,0.0023233108608866626,-0.008599754894118596,0.008599725091796254,8.49748656855942e-13
m4,16,m1,exponential,direct_exponential,12,20,10,-294.2374524803239,0.39117346444386625,0.39235740900039673,0.0011839445565304807,0.0011839445565304807,-0.008599754894118596,0.008599725091796254,8.49748656855942e-13
m4,17,m1,exponential,direct_exponential,12,20,10,-311.3229884737446,0.503492786750541,0.504240095615387,0.0007473088648459747,0.0007473088648459747,-0.008599754894118596,0.008599725091796254,8.49748656855942e-13
m4,18,m1,exponential,direct_exponential,12,20,10,-310.2313205481521,0.4813131680701756,0.48232725262641907,0.0010140845562434664,0.0010140845562434664,-0.008599754894118596,0.008599725091796254,8.49748656855942e-13
m4,19,m1,exponential,direct_exponential,12,20,10,-312.7579255719267,0.4446809255508675,0.450656920671463,0.00597599512059549,0.00597599512059549,-0.008599754894118596,0.008599725091796254,8.49748656855942e-13
m4,20,m1,exponential,direct_exponential,12,20,10,-336.4502068271459,0.5788106639594128,0.5818197727203369,0.003009108760924084,0.003009108760924084,-0.008599754894118596,0.008599725091796254,8.49748656855942e-13
m4,21,m1,exponential,direct_exponential,12,20,10,-305.9030934274508,0.5308801384507652,0.5358947515487671,0.0050146130980018855,0.0050146130980018855,-0.008599754894118596,0.008599725091796254,8.49748656855942e-13
m4,22,m1,exponential,direct_exponential,12,20,10,-302.85176446119414,0.52281250317823,0.5335172414779663,0.010704738299736283,0.010704738299736283,-0.008599754894118596,0.008599725091796254,8.49748656855942e-13
m4,23,m1,exponential,direct_exponential,12,20,10,-308.1969591995402,0.4599940249732619,0.46667125821113586,0.006677233237873947,0.006677233237873947,-0.008599754894118596,0.008599725091796254,8.49748656855942e-13
m4,24,m1,exponential,direct_exponential,12,20,10,-325.4330175014333,0.6602464427987621,0.6581885814666748,-0.0020578613320872963,0.0020578613320872963,-0.008599754894118596,0.008599725091796254,8.49748656855942e-13
m4,25,m1,exponential,direct_exponential,12,20,10,-326.72012304169243,0.48256113808911144,0.4744577705860138,-0.008103367503097647,0.008103367503097647,-0.008599754894118596,0.008599725091796254,8.49748656855942e-13
m4,26,m1,exponential,direct_exponential,12,20,10,-290.21595025994105,0.47305772011636765,0.4780765771865845,0.00501885707021682,0.00501885707021682,-0.008599754894118596,0.008599725091796254,8.49748656855942e-13
m4,27,m1,exponential,direct_exponential,12,20,10,-324.1514642152962,0.2721481066100129,0.29018446803092957,0.01803636142091669,0.01803636142091669,-0.008599754894118596,0.008599725091796254,8.49748656855942e-13
m4,28,m1,exponential,direct_exponential,12,20,10,-308.1703535288985,0.5197349920389197,0.5241956114768982,0.004460619437978486,0.004460619437978486,-0.008599754894118596,0.008599725091796254,8.49748656855942e-13
m4,29,m1,exponential,direct_exponential,12,20,10,-313.53656644004985,0.4560957364878102,0.4605954885482788,0.004499752060468598,0.004499752060468598,-0.008599754894118596,0.008599725091796254,8.49748656855942e-13
m1,0,m2,exponential,direct_exponential,12,20,10,-420.5432672789848,1.2485060077788418e-40,8.894899655156538e-14,8.894899655156538e-14,8.894899655156538e-14,-0.00946546749487497,0.0094654391826686,8.541969079766884e-13
m1,1,m2,exponential,direct_exponential,12,20,10,-377.5709740065813,1.5249817712512552e-34,1.905961350659631e-14,1.905961350659631e-14,1.905961350659631e-14,-0.00946546749487497,0.0094654391826686,8.541969079766884e-13
m1,2,m2,exponential,direct_exponential,12,20,10,-389.17087936345683,1.2370229782731283e-38,2.6059131252604423e-14,2.6059131252604423e-14,2.6059131252604423e-14,-0.00946546749487497,0.0094654391826686,8.541969079766884e-13
m1,3,m2,exponential,direct_exponential,12,20,10,-380.6109702468642,2.0955215860262017e-38,1.2740942537657098e-15,1.2740942537657098e-15,1.2740942537657098e-15,-0.00946546749487497,0.0094654391826686,8.541969079766884e-13
m1,4,m2,exponential,direct_exponential,12,20,10,-429.40139892272225,5.2003888688668473e-48,5.322389228191928e-16,5.322389228191928e-16,5.322389228191928e-16,-0.00946546749487497,0.0094654391826686,8.541969079766884e-13
m1,5,m2,exponential,direct_exponential,12,20,10,-367.35371879978595,1.0998577850403086e-37,2.9816917113649347e-15,2.9816917113649347e-15,2.9816917113649347e-15,-0.00946546749487497,0.0094654391826686,8.541969079766884e-13
m1,6,m2,exponential,direct_exponential,12,20,10,-392.9101093295227,1.5490284474267427e-40,2.4788012625582417e-14,2.4788012625582417e-14,2.4788012625582417e-14,-0.00946546749487497,0.0094654391826686,8.541969079766884e-13
m1,7,m2,exponential,direct_exponential,12,20,10,-418.5969695323987,2.4036784377063557e-40,6.174876961747428e-14,6.174876961747428e-14,6.174876961747428e-14,-0.00946546749487497,0.0094654391826686,8.541969079766884e-13
m1,8,m2,exponential,direct_exponential,12,20,10,-400.66368255672546,2.272692681806711e-38,1.2533270048967898e-13,1.2533270048967898e-13,1.2533270048967898e-13,-0.00946546749487497,0.0094654391826686,8.541969079766884e-13
m1,9,m2,exponential,direct_exponential,12,20,10,-398.11085422582335,2.70290470416118e-40,2.6041062345773594e-14,2.6041062345773594e-14,2.6041062345773594e-14,-0.00946546749487497,0.0094654391826686,8.541969079766884e-13
m1,10,m2,exponential,direct_exponential,12,20,10,-408.3435890148325,1.8025974146536388e-44,9.103750027862189e-15,9.103750027862189e-15,9.103750027862189e-15,-0.00946546749487497,0.0094654391826686,8.541969079766884e-13
m1,11,m2,exponential,direct_exponential,12,20,10,-417.9514741910771,6.424558210240811e-42,2.2638218610902122e-13,2.2638218610902122e-13,2.2638218610902122e-13,-0.00946546749487497,0.0094654391826686,8.541969079766884e-13
m1,12,m2,exponential,direct_exponential,12,20,10,-386.68630782073797,3.251810432647594e-35,4.5642265330712514e-14,4.5642265330712514e-14,4.5642265330712514e-14,-0.00946546749487497,0.0094654391826686,8.541969079766884e-13
m1,13,m2,exponential,direct_exponential,12,20,10,-368.24153801499546,5.074624630797057e-30,1.1454707083032034e-13,1.1454707083032034e-13,1.1454707083032034e-13,-0.00946546749487497,0.0094654391826686,8.541969079766884e-13
m1,14,m2,exponential,direct_exponential,12,20,10,-386.942820090372,3.120921601438067e-36,6.619593399494932e-15,6.619593399494932e-15,6.619593399494932e-15,-0.00946546749487497,0.0094654391826686,8.541969079766884e-13
m1,15,m2,exponential,direct_exponential,12,20,10,-347.44896990820956,3.935098801306795e-24,3.096420757059577e-14,3.0964207566660676e-14,3.0964207566660676e-14,-0.00946546749487497,0.0094654391826686,8.541969079766884e-13
m1,16,m2,exponential,direct_exponential,12,20,10,-372.6390395015578,1.92216976712219e-30,1.7474027121642567e-14,1.7474027121642564e-14,1.7474027121642564e-14,-0.00946546749487497,0.0094654391826686,8.541969079766884e-13
m1,17,m2,exponential,direct_exponential,12,20,10,-385.72872975465356,1.6735142162664673e-34,2.6982392082913927e-14,2.6982392082913927e-14,2.6982392082913927e-14,-0.00946546749487497,0.0094654391826686,8.541969079766884e-13
m1,18,m2,exponential,direct_exponential,12,20,10,-408.80284341597695,1.6022591416024149e-46,3.755160990644678e-14,3.755160990644678e-14,3.755160990644678e-14,-0.00946546749487497,0.0094654391826686,8.541969079766884e-13
m1,19,m2,exponential,direct_exponential,12,20,10,-395.5805399253744,1.2995796071523544e-35,7.037933739484706e-14,7.037933739484706e-14,7.037933739484706e-14,-0.00946546749487497,0.0094654391826686,8.541969079766884e-13
m1,20,m2,exponential,direct_exponential,12,20,10,-393.0400605658428,4.477403727337957e-39,8.778647347761201e-16,8.778647347761201e-16,8.778647347761201e-16,-0.00946546749487497,0.0094654391826686,8.541969079766884e-13
m1,21,m2,exponential,direct_exponential,12,20,10,-384.9806968037276,1.6364649868018805e-32,1.1634435277164956e-13,1.1634435277164956e-13,1.1634435277164956e-13,-0.00946546749487497,0.0094654391826686,8.541969079766884e-13
m1,22,m2,exponential,direct_exponential,12,20,10,-377.12839035360355,1.977912849425764e-28,4.674417726805921e-14,4.6744177268059016e-14,4.6744177268059016e-14,-0.00946546749487497,0.0094654391826686,8.541969079766884e-13
m1,23,m2,exponential,direct_exponential,12,20,10,-411.038621896698,7.8177277058524e-47,6.01497281141534e-15,6.01497281141534e-15,6.01497281141534e-15,-0.00946546749487497,0.0094654391826686,8.541969079766884e-13
m1,24,m2,exponential,direct_exponential,12,20,10,-361.52163435168814,3.8280766791884617e-28,1.7552135417840675e-14,1.7552135417840293e-14,1.7552135417840293e-14,-0.00946546749487497,0.0094654391826686,8.541969079766884e-13
m1,25,m2,exponential,direct_exponential,12,20,10,-393.02885937224016,5.301404970418946e-32,6.349062849899875e-14,6.349062849899875e-14,6.349062849899875e-14,-0.00946546749487497,0.0094654391826686,8.541969079766884e-13
m1,26,m2,exponential,direct_exponential,12,20,10,-402.6301981495554,2.4763224948836865e-39,1.7642481646060713e-14,1.7642481646060713e-14,1.7642481646060713e-14,-0.00946546749487497,0.0094654391826686,8.541969079766884e-13
m1,27,m2,exponential,direct_exponential,12,20,10,-439.6472695122715,1.0947770532360615e-44,2.636726828628838e-13,2.636726828628838e-13,2.636726828628838e-13,-0.00946546749487497,0.0094654391826686,8.541969079766884e-13
m1,28,m2,exponential,direct_exponential,12,20,10,-401.5661308828894,1.8624298304265124e-37,2.764812779220381e-14,2.764812779220381e-14,2.764812779220381e-14,-0.00946546749487497,0.0094654391826686,8.541969079766884e-13
m1,29,m2,exponential,direct_exponential,12,20,10,-378.42840541124207,2.648281087361935e-34,3.7129292153846583e-13,3.7129292153846583e-13,3.7129292153846583e-13,-0.00946546749487497,0.0094654391826686,8.541969079766884e-13
m2,0,m2,exponential,direct_exponential,12,20,10,-305.5768188345029,1.0,1.0,0.0,0.0,-4.778496447196808e-28,1.2009310674353897e-18,0.0
m2,1,m2,exponential,direct_exponential,12,20,10,-306.3649052395701,1.0,1.0,0.0,0.0,-4.778496447196808e-28,1.2009310674353897e-18,0.0
m2,2,m2,exponential,direct_exponential,12,20,10,-315.0649120297668,1.0,1.0,0.0,0.0,-4.778496447196808e-28,1.2009310674353897e-18,0.0
m2,3,m2,exponential,direct_exponential,12,20,10,-301.08536384416624,1.0,1.0,0.0,0.0,-4.778496447196808e-28,1.2009310674353897e-18,0.0
m2,4,m2,exponential,direct_exponential,12,20,10,-309.96618362578363,1.0,1.0,0.0,0.0,-4.778496447196808e-28,1.2009310674353897e-18,0.0
m2,5,m2,exponential,direct_exponential,12,20,10,-302.0524214739072,1.0,1.0,0.0,0.0,-4.778496447196808e-28,1.2009310674353897e-18,0.0
m2,6,m2,exponential,direct_exponential,12,20,10,-293.851058570377,1.0,1.0,0.0,0.0,-4.778496447196808e-28,1.2009310674353897e-18,0.0
m2,7,m2,exponential,direct_exponential,12,20,10,-310.10053830480206,1.0,1.0,0.0,0.0,-4.778496447196808e-28,1.2009310674353897e-18,0.0
m2,8,m2,exponential,direct_exponential,12,20,10,-324.9328963767019,1.0,1.0,0.0,0.0,-4.778496447196808e-28,1.2009310674353897e-18,0.0
m2,9,m2,exponential,direct_exponential,12,20,10,-310.8773111484428,1.0,1.0,0.0,0.0,-4.778496447196808e-28,1.2009310674353897e-18,0.0
m2,10,m2,exponential,direct_exponential,12,20,10,-290.77809433830714,1.0,1.0,0.0,0.0,-4.778496447196808e-28,1.2009310674353897e-18,0.0
m2,11,m2,exponential,direct_exponential,12,20,10,-315.2328405004891,1.0,1.0,0.0,0.0,-4.778496447196808e-28,1.2009310674353897e-18,0.0
m2,12,m2,exponential,direct_exponential,12,20,10,-327.5347556006478,1.0,1.0,0.0,0.0,-4.778496447196808e-28,1.2009310674353897e-18,0.0
m2,13,m2,exponential,direct_exponential,12,20,10,-307.43071143578686,1.0,1.0,0.0,0.0,-4.778496447196808e-28,1.2009310674353897e-18,0.0
m2,14,m2,exponential,direct_exponential,12,20,10,-299.34486764376834,1.0,1.0,0.0,0.0,-4.778496447196808e-28,1.2009310674353897e-18,0.0
m2,15,m2,exponential,direct_exponential,12,20,10,-307.34567616684114,1.0,1.0,0.0,0.0,-4.778496447196808e-28,1.2009310674353897e-18,0.0
m2,16,m2,exponential,direct_exponential,12,20,10,-301.12455576357587,1.0,1.0,0.0,0.0,-4.778496447196808e-28,1.2009310674353897e-18,0.0
m2,17,m2,exponential,direct_exponential,12,20,10,-303.6306029178369,1.0,1.0,0.0,0.0,-4.778496447196808e-28,1.2009310674353897e-18,0.0
m2,18,m2,exponential,direct_exponential,12,20,10,-298.8485148325621,1.0,1.0,0.0,0.0,-4.778496447196808e-28,1.2009310674353897e-18,0.0
m2,19,m2,exponential,direct_exponential,12,20,10,-318.37884652565157,1.0,1.0,0.0,0.0,-4.778496447196808e-28,1.2009310674353897e-18,0.0
m2,20,m2,exponential,direct_exponential,12,20,10,-311.60984121144463,1.0,1.0,0.0,0.0,-4.778496447196808e-28,1.2009310674353897e-18,0.0
m2,21,m2,exponential,direct_exponential,12,20,10,-300.10597932594965,1.0,1.0,0.0,0.0,-4.778496447196808e-28,1.2009310674353897e-18,0.0
m2,22,m2,exponential,direct_exponential,12,20,10,-337.21006551479024,1.0,1.0,0.0,0.0,-4.778496447196808e-28,1.2009310674353897e-18,0.0
m2,23,m2,exponential,direct_exponential,12,20,10,-308.32101928143373,1.0,1.0,0.0,0.0,-4.778496447196808e-28,1.2009310674353897e-18,0.0
m2,24,m2,exponential,direct_exponential,12,20,10,-299.51027678451294,1.0,1.0,0.0,0.0,-4.778496447196808e-28,1.2009310674353897e-18,0.0
m2,25,m2,exponential,direct_exponential,12,20,10,-303.6422625345578,1.0,1.0,0.0,0.0,-4.778496447196808e-28,1.2009310674353897e-18,0.0
m2,26,m2,exponential,direct_exponential,12,20,10,-306.2868606856534,1.0,1.0,0.0,0.0,-4.778496447196808e-28,1.2009310674353897e-18,0.0
m2,27,m2,exponential,direct_exponential,12,20,10,-313.64320388916565,1.0,1.0,0.0,0.0,-4.778496447196808e-28,1.2009310674353897e-18,0.0
m2,28,m2,exponential,direct_exponential,12,20,10,-312.89418290890507,1.0,1.0,0.0,0.0,-4.778496447196808e-28,1.2009310674353897e-18,0.0
m2,29,m2,exponential,direct_exponential,12,20,10,-322.6326415125052,1.0,1.0,0.0,0.0,-4.778496447196808e-28,1.2009310674353897e-18,0.0
m3,0,m2,exponential,direct_exponential,12,20,10,-1116.195085250364,6.46853631722346e-263,4.1144807492340535e-30,4.1144807492340535e-30,4.1144807492340535e-30,0.0,1.4262121097716201e-18,7.156215886337071e-31
m3,1,m2,exponential,direct_exponential,12,20,10,-1095.0049039023745,1.8169728861245268e-255,3.1694742830682247e-35,3.1694742830682247e-35,3.1694742830682247e-35,0.0,1.4262121097716201e-18,7.156215886337071e-31
m3,2,m2,exponential,direct_exponential,12,20,10,-1304.8674252650978,0.0,3.768953870883293e-30,3.768953870883293e-30,3.768953870883293e-30,0.0,1.4262121097716201e-18,7.156215886337071e-31
m3,3,m2,exponential,direct_exponential,12,20,10,-1294.0206346557468,0.0,7.3392847208572965e-28,7.3392847208572965e-28,7.3392847208572965e-28,0.0,1.4262121097716201e-18,7.156215886337071e-31
m3,4,m2,exponential,direct_exponential,12,20,10,-1126.9763936601703,5.137394210292494e-269,4.6051939827897216e-35,4.6051939827897216e-35,4.6051939827897216e-35,0.0,1.4262121097716201e-18,7.156215886337071e-31
m3,5,m2,exponential,direct_exponential,12,20,10,-1043.203844134719,3.6462500155646004e-237,3.817938845775844e-29,3.817938845775844e-29,3.817938845775844e-29,0.0,1.4262121097716201e-18,7.156215886337071e-31
m3,6,m2,exponential,direct_exponential,12,20,10,-1213.079689880183,3.132462547312385e-302,2.6124780553914112e-25,2.6124780553914112e-25,2.6124780553914112e-25,0.0,1.4262121097716201e-18,7.156215886337071e-31
m3,7,m2,exponential,direct_exponential,12,20,10,-1051.1329372833286,7.658182249269406e-241,1.0273875938413313e-23,1.0273875938413313e-23,1.0273875938413313e-23,0.0,1.4262121097716201e-18,7.156215886337071e-31
m3,8,m2,exponential,direct_exponential,12,20,10,-898.3670174944559,1.3249454927789902e-178,1.8609684428091402e-16,1.8609684428091402e-16,1.8609684428091402e-16,0.0,1.4262121097716201e-18,7.156215886337071e-31
m3,9,m2,exponential,direct_exponential,12,20,10,-1299.8957182865288,0.0,2.019787392708645e-36,2.019787392708645e-36,2.019787392708645e-36,0.0,1.4262121097716201e-18,7.156215886337071e-31
m3,10,m2,exponential,direct_exponential,12,20,10,-1106.7007361561814,8.158086959563813e-260,6.215729187317617e-31,6.215729187317617e-31,6.215729187317617e-31,0.0,1.4262121097716201e-18,7.156215886337071e-31
m3,11,m2,exponential,direct_exponential,12,20,10,-1208.2760409287582,9.705410109805044e-300,1.2722781959473917e-25,1.2722781959473917e-25,1.2722781959473917e-25,0.0,1.4262121097716201e-18,7.156215886337071e-31
m3,12,m2,exponential,direct_exponential,12,20,10,-996.044778438684,4.718354805642368e-218,9.924609318794084e-22,9.924609318794084e-22,9.924609318794084e-22,0.0,1.4262121097716201e-18,7.156215886337071e-31
m3,13,m2,exponential,direct_exponential,12,20,10,-1212.6243633704003,4.826435562383461e-301,0.0,-4.826435562383461e-301,4.826435562383461e-301,0.0,1.4262121097716201e-18,7.156215886337071e-31
m3,14,m2,exponential,direct_exponential,12,20,10,-1038.5426392558797,4.8887356248022825e-233,2.098408464857021e-25,2.098408464857021e-25,2.098408464857021e-25,0.0,1.4262121097716201e-18,7.156215886337071e-31
m3,15,m2,exponential,direct_exponential,12,20,10,-1097.3724139696303,6.450593739036168e-254,1.0983217319514783e-17,1.0983217319514783e-17,1.0983217319514783e-17,0.0,1.4262121097716201e-18,7.156215886337071e-31
m3,16,m2,exponential,direct_exponential,12,20,10,-1354.9256665654607,0.0,9.313582249874106e-34,9.313582249874106e-34,9.313582249874106e-34,0.0,1.4262121097716201e-18,7.156215886337071e-31
m3,17,m2,exponential,direct_exponential,12,20,10,-1118.93164578718,2.360681263210389e-262,2.9435041523403943e-31,2.9435041523403943e-31,2.9435041523403943e-31,0.0,1.4262121097716201e-18,7.156215886337071e-31
m3,18,m2,exponential,direct_exponential,12,20,10,-1134.1974752124904,2.09937447203043e-271,4.2027342801346936e-27,4.2027342801346936e-27,4.2027342801346936e-27,0.0,1.4262121097716201e-18,7.156215886337071e-31
m3,19,m2,exponential,direct_exponential,12,20,10,-1208.1263376652812,6.90971423129422e-300,3.285674956047114e-36,3.285674956047114e-36,3.285674956047114e-36,0.0,1.4262121097716201e-18,7.156215886337071e-31
m3,20,m2,exponential,direct_exponential,12,20,10,-1089.9711520077435,4.985211455159725e-254,2.946405592132687e-29,2.946405592132687e-29,2.946405592132687e-29,0.0,1.4262121097716201e-18,7.156215886337071e-31
m3,21,m2,exponential,direct_exponential,12,20,10,-1187.658508564004,2.748488447500121e-292,3.0808677615774847e-27,3.0808677615774847e-27,3.0808677615774847e-27,0.0,1.4262121097716201e-18,7.156215886337071e-31
m3,22,m2,exponential,direct_exponential,12,20,10,-1164.75814063709,1.5683748839000106e-282,1.1363757043862446e-26,1.1363757043862446e-26,1.1363757043862446e-26,0.0,1.4262121097716201e-18,7.156215886337071e-31
m3,23,m2,exponential,direct_exponential,12,20,10,-1175.47664982269,2.4035545330474968e-285,1.8031663194218968e-34,1.8031663194218968e-34,1.8031663194218968e-34,0.0,1.4262121097716201e-18,7.156215886337071e-31
m3,24,m2,exponential,direct_exponential,12,20,10,-1017.0616631566546,1.3736118916857758e-225,8.096702585356525e-31,8.096702585356525e-31,8.096702585356525e-31,0.0,1.4262121097716201e-18,7.156215886337071e-31
m3,25,m2,exponential,direct_exponential,12,20,10,-963.8453310743039,4.32446316170362e-205,1.542735140146585e-20,1.542735140146585e-20,1.542735140146585e-20,0.0,1.4262121097716201e-18,7.156215886337071e-31
m3,26,m2,exponential,direct_exponential,12,20,10,-1060.4010529985953,1.5842030116762958e-242,1.119615395341712e-27,1.119615395341712e-27,1.119615395341712e-27,0.0,1.4262121097716201e-18,7.156215886337071e-31
m3,27,m2,exponential,direct_exponential,12,20,10,-1161.8408459587192,1.0864782120123772e-281,1.121648528113945e-30,1.121648528113945e-30,1.121648528113945e-30,0.0,1.4262121097716201e-18,7.156215886337071e-31
m3,28,m2,exponential,direct_exponential,12,20,10,-1287.667675893502,0.0,4.300913777116276e-31,4.300913777116276e-31,4.300913777116276e-31,0.0,1.4262121097716201e-18,7.156215886337071e-31
m3,29,m2,exponential,direct_exponential,12,20,10,-1012.6006607972282,1.1128521159094626e-220,1.1095311179839102e-33,1.1095311179839102e-33,1.1095311179839102e-33,0.0,1.4262121097716201e-18,7.156215886337071e-31
m4,0,m2,exponential,direct_exponential,12,20,10,-367.6618610284052,1.0875847109570605e-31,6.6180162241471444e-15,6.6180162241471444e-15,6.6180162241471444e-15,-0.008599754894118596,0.008599725091796254,8.49748656855942e-13
m4,1,m2,exponential,direct_exponential,12,20,10,-375.36262026444655,7.640588509743303e-30,1.2471257750459874e-13,1.2471257750459874e-13,1.2471257750459874e-13,-0.008599754894118596,0.008599725091796254,8.49748656855942e-13
m4,2,m2,exponential,direct_exponential,12,20,10,-374.7711088297532,2.0854388112702326e-29,8.531521250235022e-16,8.531521250234814e-16,8.531521250234814e-16,-0.008599754894118596,0.008599725091796254,8.49748656855942e-13
m4,3,m2,exponential,direct_exponential,12,20,10,-424.23157407787835,1.0023819845875523e-46,7.398926984330048e-14,7.398926984330048e-14,7.398926984330048e-14,-0.008599754894118596,0.008599725091796254,8.49748656855942e-13
m4,4,m2,exponential,direct_exponential,12,20,10,-403.4639805118961,6.983827314791475e-42,9.958097316374267e-16,9.958097316374267e-16,9.958097316374267e-16,-0.008599754894118596,0.008599725091796254,8.49748656855942e-13
m4,5,m2,exponential,direct_exponential,12,20,10,-370.77939804730465,1.9316318162498674e-25,6.830618698699248e-14,6.830618698679932e-14,6.830618698679932e-14,-0.008599754894118596,0.008599725091796254,8.49748656855942e-13
m4,6,m2,exponential,direct_exponential,12,20,10,-413.20641530523505,6.522205899588818e-42,2.0385342041793694e-14,2.0385342041793694e-14,2.0385342041793694e-14,-0.008599754894118596,0.008599725091796254,8.49748656855942e-13
m4,7,m2,exponential,direct_exponential,12,20,10,-376.23765054695764,1.30928699626862e-36,4.911861898931804e-15,4.911861898931804e-15,4.911861898931804e-15,-0.008599754894118596,0.008599725091796254,8.49748656855942e-13
m4,8,m2,exponential,direct_exponential,12,20,10,-414.9867815442882,9.651946008739326e-45,6.991535985139546e-14,6.991535985139546e-14,6.991535985139546e-14,-0.008599754894118596,0.008599725091796254,8.49748656855942e-13
m4,9,m2,exponential,direct_exponential,12,20,10,-391.77987500564996,2.817110058766035e-36,1.238971778497926e-14,1.238971778497926e-14,1.238971778497926e-14,-0.008599754894118596,0.008599725091796254,8.49748656855942e-13
m4,10,m2,exponential,direct_exponential,12,20,10,-375.689592778583,1.1744896639554476e-29,7.929708999892052e-15,7.92970899989204e-15,7.92970899989204e-15,-0.008599754894118596,0.008599725091796254,8.49748656855942e-13
m4,11,m2,exponential,direct_exponential,12,20,10,-382.7771873121275,1.2451920091325262e-37,1.823867933851281e-14,1.823867933851281e-14,1.823867933851281e-14,-0.008599754894118596,0.008599725091796254,8.49748656855942e-13
m4,12,m2,exponential,direct_exponential,12,20,10,-398.7632843476739,4.971702669699315e-33,1.0555116757840141e-13,1.0555116757840141e-13,1.0555116757840141e-13,-0.008599754894118596,0.008599725091796254,8.49748656855942e-13
m4,13,m2,exponential,direct_exponential,12,20,10,-377.4358930265057,6.379103678033525e-33,5.824082671213385e-14,5.824082671213385e-14,5.824082671213385e-14,-0.008599754894118596,0.008599725091796254,8.49748656855942e-13
m4,14,m2,exponential,direct_exponential,12,20,10,-366.3718295997886,2.4575237860069488e-32,1.4282928748683872e-14,1.4282928748683872e-14,1.4282928748683872e-14,-0.008599754894118596,0.008599725091796254,8.49748656855942e-13
m4,15,m2,exponential,direct_exponential,12,20,10,-404.2637809167989,3.81195870323272e-40,5.827365499866399e-13,5.827365499866399e-13,5.827365499866399e-13,-0.008599754894118596,0.008599725091796254,8.49748656855942e-13
m4,16,m2,exponential,direct_exponential,12,20,10,-360.0568929441397,1.0170670648659378e-29,1.7597424575464468e-14,1.759742457546446e-14,1.759742457546446e-14,-0.008599754894118596,0.008599725091796254,8.49748656855942e-13
m4,17,m2,exponential,direct_exponential,12,20,10,-390.8330387925912,1.4832595175219561e-35,5.386217120646568e-14,5.386217120646568e-14,5.386217120646568e-14,-0.008599754894118596,0.008599725091796254,8.49748656855942e-13
m4,18,m2,exponential,direct_exponential,12,20,10,-387.0787648678456,2.032388491975006e-34,3.447763247317083e-14,3.447763247317083e-14,3.447763247317083e-14,-0.008599754894118596,0.008599725091796254,8.49748656855942e-13
m4,19,m2,exponential,direct_exponential,12,20,10,-385.18325905131303,1.5636005726747075e-32,6.566085565887225e-14,6.566085565887225e-14,6.566085565887225e-14,-0.008599754894118596,0.008599725091796254,8.49748656855942e-13
m4,20,m2,exponential,direct_exponential,12,20,10,-425.07790462645505,1.8707528946919884e-39,3.182541307312353e-14,3.182541307312353e-14,3.182541307312353e-14,-0.008599754894118596,0.008599725091796254,8.49748656855942e-13
m4,21,m2,exponential,direct_exponential,12,20,10,-388.7043414283811,5.819308432570456e-37,3.483999316800622e-14,3.483999316800622e-14,3.483999316800622e-14,-0.008599754894118596,0.008599725091796254,8.49748656855942e-13
m4,22,m2,exponential,direct_exponential,12,20,10,-384.68207580733275,1.513189416940767e-36,7.440454502516403e-13,7.440454502516403e-13,7.440454502516403e-13,-0.008599754894118596,0.008599725091796254,8.49748656855942e-13
m4,23,m2,exponential,direct_exponential,12,20,10,-382.4768671659125,2.531617239597131e-33,7.178592030705755e-14,7.178592030705755e-14,7.178592030705755e-14,-0.008599754894118596,0.008599725091796254,8.49748656855942e-13
m4,24,m2,exponential,direct_exponential,12,20,10,-424.4557058065334,6.526779727305624e-44,4.5780436733200425e-14,4.5780436733200425e-14,4.5780436733200425e-14,-0.008599754894118596,0.008599725091796254,8.49748656855942e-13
m4,25,m2,exponential,direct_exponential,12,20,10,-403.7175195393674,1.7539125039061453e-34,3.904662509122969e-13,3.904662509122969e-13,3.904662509122969e-13,-0.008599754894118596,0.008599725091796254,8.49748656855942e-13
m4,26,m2,exponential,direct_exponential,12,20,10,-366.070651176425,5.390587500522721e-34,2.5982747515486924e-14,2.5982747515486924e-14,2.5982747515486924e-14,-0.008599754894118596,0.008599725091796254,8.49748656855942e-13
m4,27,m2,exponential,direct_exponential,12,20,10,-373.72983860660025,8.00185905274805e-23,4.069026203219056e-13,4.0690262024188704e-13,4.0690262024188704e-13,-0.008599754894118596,0.008599725091796254,8.49748656855942e-13
m4,28,m2,exponential,direct_exponential,12,20,10,-389.63069260497065,2.17774087522421e-36,1.1271079488023132e-14,1.1271079488023132e-14,1.1271079488023132e-14,-0.008599754894118596,0.008599725091796254,8.49748656855942e-13
m4,29,m2,exponential,direct_exponential,12,20,10,-387.34536025312144,4.020722901332535e-33,2.3031720302636727e-14,2.3031720302636727e-14,2.3031720302636727e-14,-0.008599754894118596,0.008599725091796254,8.49748656855942e-13
m1,0,m3,exponential,direct_exponential,12,20,10,-430.11432124271886,8.704317300060278e-45,7.181987643489762e-11,7.181987643489762e-11,7.181987643489762e-11,-0.00946546749487497,0.0094654391826686,8.541969079766884e-13
m1,1,m3,exponential,direct_exponential,12,20,10,-426.7106216395008,6.9532339622536265e-56,1.1270323216350242e-11,1.1270323216350242e-11,1.1270323216350242e-11,-0.00946546749487497,0.0094654391826686,8.541969079766884e-13
m1,2,m3,exponential,direct_exponential,12,20,10,-423.6779222091161,1.276907601213767e-53,2.197329991571184e-11,2.197329991571184e-11,2.197329991571184e-11,-0.00946546749487497,0.0094654391826686,8.541969079766884e-13
m1,3,m3,exponential,direct_exponential,12,20,10,-425.3197063461603,8.02665798403523e-58,1.8169589097172256e-12,1.8169589097172256e-12,1.8169589097172256e-12,-0.00946546749487497,0.0094654391826686,8.541969079766884e-13
m1,4,m3,exponential,direct_exponential,12,20,10,-428.4066313625392,1.4062349327927578e-47,5.696992790710231e-12,5.696992790710231e-12,5.696992790710231e-12,-0.00946546749487497,0.0094654391826686,8.541969079766884e-13
m1,5,m3,exponential,direct_exponential,12,20,10,-421.33446293965807,3.9609305185866444e-61,3.5728867781026352e-12,3.5728867781026352e-12,3.5728867781026352e-12,-0.00946546749487497,0.0094654391826686,8.541969079766884e-13
m1,6,m3,exponential,direct_exponential,12,20,10,-427.1197181933813,2.152856268285044e-55,2.7400791705045613e-11,2.7400791705045613e-11,2.7400791705045613e-11,-0.00946546749487497,0.0094654391826686,8.541969079766884e-13
m1,7,m3,exponential,direct_exponential,12,20,10,-427.8728616556889,2.251166429637072e-44,5.914592426936593e-11,5.914592426936593e-11,5.914592426936593e-11,-0.00946546749487497,0.0094654391826686,8.541969079766884e-13
m1,8,m3,exponential,direct_exponential,12,20,10,-427.68969352914644,4.161915709886475e-50,7.090059789272019e-11,7.090059789272019e-11,7.090059789272019e-11,-0.00946546749487497,0.0094654391826686,8.541969079766884e-13
m1,9,m3,exponential,direct_exponential,12,20,10,-427.1810471865127,6.409237180980659e-53,2.72404494794376e-11,2.72404494794376e-11,2.72404494794376e-11,-0.00946546749487497,0.0094654391826686,8.541969079766884e-13
m1,10,m3,exponential,direct_exponential,12,20,10,-425.7614127244242,4.9139871900490106e-52,2.6962064525459795e-11,2.6962064525459795e-11,2.6962064525459795e-11,-0.00946546749487497,0.0094654391826686,8.541969079766884e-13
m1,11,m3,exponential,direct_exponential,12,20,10,-430.5946642583105,2.0747968911362503e-47,2.1377778713915774e-10,2.1377778713915774e-10,2.1377778713915774e-10,-0.00946546749487497,0.0094654391826686,8.541969079766884e-13
m1,12,m3,exponential,direct_exponential,12,20,10,-425.8404184518912,3.218926269236002e-52,2.2209111286142225e-11,2.2209111286142225e-11,2.2209111286142225e-11,-0.00946546749487497,0.0094654391826686,8.541969079766884e-13
m1,13,m3,exponential,direct_exponential,12,20,10,-424.9439437948837,1.2018824185065991e-54,5.7140476378281235e-11,5.7140476378281235e-11,5.7140476378281235e-11,-0.00946546749487497,0.0094654391826686,8.541969079766884e-13
m1,14,m3,exponential,direct_exponential,12,20,10,-425.91573042972846,3.70307881138381e-53,5.928796516230239e-12,5.928796516230239e-12,5.928796516230239e-12,-0.00946546749487497,0.0094654391826686,8.541969079766884e-13
m1,15,m3,exponential,direct_exponential,12,20,10,-425.7085381045026,4.048153921692665e-58,1.676214375634366e-11,1.676214375634366e-11,1.676214375634366e-11,-0.00946546749487497,0.0094654391826686,8.541969079766884e-13
m1,16,m3,exponential,direct_exponential,12,20,10,-426.8398859800834,5.554733173398477e-54,1.0734428970704535e-11,1.0734428970704535e-11,1.0734428970704535e-11,-0.00946546749487497,0.0094654391826686,8.541969079766884e-13
m1,17,m3,exponential,direct_exponential,12,20,10,-426.21261876217386,4.3822767835867535e-52,1.434530272348411e-11,1.434530272348411e-11,1.434530272348411e-11,-0.00946546749487497,0.0094654391826686,8.541969079766884e-13
m1,18,m3,exponential,direct_exponential,12,20,10,-425.3886137379035,1.0037469281453218e-53,1.3988696312416948e-10,1.3988696312416948e-10,1.3988696312416948e-10,-0.00946546749487497,0.0094654391826686,8.541969079766884e-13
m1,19,m3,exponential,direct_exponential,12,20,10,-429.2706100393234,3.036626253194749e-50,3.263572745382248e-11,3.263572745382248e-11,3.263572745382248e-11,-0.00946546749487497,0.0094654391826686,8.541969079766884e-13
m1,20,m3,exponential,direct_exponential,12,20,10,-426.930436017623,8.562946056489214e-54,1.337100894414911e-12,1.337100894414911e-12,1.337100894414911e-12,-0.00946546749487497,0.0094654391826686,8.541969079766884e-13
m1,21,m3,exponential,direct_exponential,12,20,10,-427.19101333415824,7.624285826548937e-51,4.564240999038738e-11,4.564240999038738e-11,4.564240999038738e-11,-0.00946546749487497,0.0094654391826686,8.541969079766884e-13
m1,22,m3,exponential,direct_exponential,12,20,10,-429.5330867744334,3.444583131480357e-51,2.1909923528240505e-11,2.1909923528240505e-11,2.1909923528240505e-11,-0.00946546749487497,0.0094654391826686,8.541969079766884e-13
m1,23,m3,exponential,direct_exponential,12,20,10,-424.5302231728049,1.0808179617834188e-52,3.2390531229387065e-11,3.2390531229387065e-11,3.2390531229387065e-11,-0.00946546749487497,0.0094654391826686,8.541969079766884e-13
m1,24,m3,exponential,direct_exponential,12,20,10,-427.0865247914921,1.2838388209784484e-56,1.2796886814103736e-11,1.2796886814103736e-11,1.2796886814103736e-11,-0.00946546749487497,0.0094654391826686,8.541969079766884e-13
m1,25,m3,exponential,direct_exponential,12,20,10,-428.36379099468417,2.3912509681716664e-47,2.5897150743303676e-11,2.5897150743303676e-11,2.5897150743303676e-11,-0.00946546749487497,0.0094654391826686,8.541969079766884e-13
m1,26,m3,exponential,direct_exponential,12,20,10,-428.51884500409113,1.414199664677713e-50,1.716876120438915e-11,1.716876120438915e-11,1.716876120438915e-11,-0.00946546749487497,0.0094654391826686,8.541969079766884e-13
m1,27,m3,exponential,direct_exponential,12,20,10,-432.94849240612814,8.883162742984227e-42,4.432045563884657e-10,4.432045563884657e-10,4.432045563884657e-10,-0.00946546749487497,0.0094654391826686,8.541969079766884e-13
m1,28,m3,exponential,direct_exponential,12,20,10,-426.09673085115355,4.135954144783299e-48,1.8006077531773634e-11,1.8006077531773634e-11,1.8006077531773634e-11,-0.00946546749487497,0.0094654391826686,8.541969079766884e-13
m1,29,m3,exponential,direct_exponential,12,20,10,-426.73753102232956,2.7706227794222157e-55,1.0476829126471188e-10,1.0476829126471188e-10,1.0476829126471188e-10,-0.00946546749487497,0.0094654391826686,8.541969079766884e-13
m2,0,m3,exponential,direct_exponential,12,20,10,-471.25230205993665,1.116996593211559e-72,9.4802280785544e-19,9.4802280785544e-19,9.4802280785544e-19,-4.778496447196808e-28,1.2009310674353897e-18,0.0
m2,1,m3,exponential,direct_exponential,12,20,10,-468.3523021369397,4.464444101383266e-71,1.2086097230231735e-18,1.2086097230231735e-18,1.2086097230231735e-18,-4.778496447196808e-28,1.2009310674353897e-18,0.0
m2,2,m3,exponential,direct_exponential,12,20,10,-467.70007588436766,5.145061774915272e-67,6.314181359310616e-19,6.314181359310616e-19,6.314181359310616e-19,-4.778496447196808e-28,1.2009310674353897e-18,0.0
m2,3,m3,exponential,direct_exponential,12,20,10,-471.2784170640703,1.2192594444047281e-74,4.9663129108813906e-20,4.9663129108813906e-20,4.9663129108813906e-20,-4.778496447196808e-28,1.2009310674353897e-18,0.0
m2,4,m3,exponential,direct_exponential,12,20,10,-457.7880151725625,6.335694886634733e-65,4.708961797022994e-18,4.708961797022994e-18,4.708961797022994e-18,-4.778496447196808e-28,1.2009310674353897e-18,0.0
m2,5,m3,exponential,direct_exponential,12,20,10,-466.9280984985884,2.485439912117236e-72,1.2005269276676116e-18,1.2005269276676116e-18,1.2005269276676116e-18,-4.778496447196808e-28,1.2009310674353897e-18,0.0
m2,6,m3,exponential,direct_exponential,12,20,10,-477.40334190771307,1.924226564231103e-80,1.3416552476635082e-21,1.3416552476635082e-21,1.3416552476635082e-21,-4.778496447196808e-28,1.2009310674353897e-18,0.0
m2,7,m3,exponential,direct_exponential,12,20,10,-475.12385885572195,2.144284959628808e-72,7.448975481335255e-21,7.448975481335255e-21,7.448975481335255e-21,-4.778496447196808e-28,1.2009310674353897e-18,0.0
m2,8,m3,exponential,direct_exponential,12,20,10,-475.50825071242457,4.0360310748696135e-66,4.547860010449287e-21,4.547860010449287e-21,4.547860010449287e-21,-4.778496447196808e-28,1.2009310674353897e-18,0.0
m2,9,m3,exponential,direct_exponential,12,20,10,-478.2773649515464,1.9910417325532637e-73,5.0615220456210977e-20,5.0615220456210977e-20,5.0615220456210977e-20,-4.778496447196808e-28,1.2009310674353897e-18,0.0
m2,10,m3,exponential,direct_exponential,12,20,10,-461.4121618805909,7.844513986589841e-75,3.141670843965189e-18,3.141670843965189e-18,3.141670843965189e-18,-4.778496447196808e-28,1.2009310674353897e-18,0.0
m2,11,m3,exponential,direct_exponential,12,20,10,-480.8244738577771,1.214695390901502e-72,7.884961864255355e-21,7.884961864255355e-21,7.884961864255355e-21,-4.778496447196808e-28,1.2009310674353897e-18,0.0
m2,12,m3,exponential,direct_exponential,12,20,10,-484.094936918417,1.015727399753246e-68,6.245920444146437e-22,6.245920444146437e-22,6.245920444146437e-22,-4.778496447196808e-28,1.2009310674353897e-18,0.0
m2,13,m3,exponential,direct_exponential,12,20,10,-463.979971250258,1.0268814686290072e-68,2.2375311670175753e-17,2.2375311670175753e-17,2.2375311670175753e-17,-4.778496447196808e-28,1.2009310674353897e-18,0.0
m2,14,m3,exponential,direct_exponential,12,20,10,-475.3800561026388,3.539069012262022e-77,2.2770234506892643e-21,2.2770234506892643e-21,2.2770234506892643e-21,-4.778496447196808e-28,1.2009310674353897e-18,0.0
m2,15,m3,exponential,direct_exponential,12,20,10,-478.47432790173997,4.783776224095826e-75,1.3479291783495885e-21,1.3479291783495885e-21,1.3479291783495885e-21,-4.778496447196808e-28,1.2009310674353897e-18,0.0
m2,16,m3,exponential,direct_exponential,12,20,10,-462.6805731388506,6.872474477267841e-71,6.2285641334058916e-18,6.2285641334058916e-18,6.2285641334058916e-18,-4.778496447196808e-28,1.2009310674353897e-18,0.0
m2,17,m3,exponential,direct_exponential,12,20,10,-469.64474280450816,7.96113758150007e-73,2.4448845694878427e-21,2.4448845694878427e-21,2.4448845694878427e-21,-4.778496447196808e-28,1.2009310674353897e-18,0.0
m2,18,m3,exponential,direct_exponential,12,20,10,-471.3839228930284,1.1717213584052708e-75,1.7758805194386307e-20,1.7758805194386307e-20,1.7758805194386307e-20,-4.778496447196808e-28,1.2009310674353897e-18,0.0
m2,19,m3,exponential,direct_exponential,12,20,10,-469.33739328947956,2.751288572576624e-66,8.51566995610342e-20,8.51566995610342e-20,8.51566995610342e-20,-4.778496447196808e-28,1.2009310674353897e-18,0.0
m2,20,m3,exponential,direct_exponential,12,20,10,-478.1082462529682,4.905253369533739e-73,1.1610399974054495e-20,1.1610399974054495e-20,1.1610399974054495e-20,-4.778496447196808e-28,1.2009310674353897e-18,0.0
m2,21,m3,exponential,direct_exponential,12,20,10,-477.7854489660492,6.835759706399998e-78,1.4686770500205693e-21,1.4686770500205693e-21,1.4686770500205693e-21,-4.778496447196808e-28,1.2009310674353897e-18,0.0
m2,22,m3,exponential,direct_exponential,12,20,10,-471.41584338258104,5.19004630372626e-59,1.3652040861168056e-19,1.3652040861168056e-19,1.3652040861168056e-19,-4.778496447196808e-28,1.2009310674353897e-18,0.0
m2,23,m3,exponential,direct_exponential,12,20,10,-469.5511806414653,9.519860949443255e-71,1.5578160644301045e-19,1.5578160644301045e-19,1.5578160644301045e-19,-4.778496447196808e-28,1.2009310674353897e-18,0.0
m2,24,m3,exponential,direct_exponential,12,20,10,-471.0556100571649,3.1536127547140677e-75,1.8557826123195586e-20,1.8557826123195586e-20,1.8557826123195586e-20,-4.778496447196808e-28,1.2009310674353897e-18,0.0
m2,25,m3,exponential,direct_exponential,12,20,10,-475.8758619286159,1.5845216766572764e-75,4.0038082158334586e-21,4.0038082158334586e-21,4.0038082158334586e-21,-4.778496447196808e-28,1.2009310674353897e-18,0.0
m2,26,m3,exponential,direct_exponential,12,20,10,-465.71070732395845,5.795662953967208e-70,3.3935092384806203e-19,3.3935092384806203e-19,3.3935092384806203e-19,-4.778496447196808e-28,1.2009310674353897e-18,0.0
m2,27,m3,exponential,direct_exponential,12,20,10,-467.98500145351875,9.337035086086327e-68,3.3859722272329785e-18,3.3859722272329785e-18,3.3859722272329785e-18,-4.778496447196808e-28,1.2009310674353897e-18,0.0
m2,28,m3,exponential,direct_exponential,12,20,10,-476.717638537667,7.118315190034609e-72,2.0652652138756892e-21,2.0652652138756892e-21,2.0652652138756892e-21,-4.778496447196808e-28,1.2009310674353897e-18,0.0
m2,29,m3,exponential,direct_exponential,12,20,10,-487.46857909169694,2.58619870560703e-72,1.6209339195122498e-21,1.6209339195122498e-21,1.6209339195122498e-21,-4.778496447196808e-28,1.2009310674353897e-18,0.0
m3,0,m3,exponential,direct_exponential,12,20,10,-512.4821556497637,1.0,1.0,0.0,0.0,0.0,1.4262121097716201e-18,7.156215886337071e-31
m3,1,m3,exponential,direct_exponential,12,20,10,-508.44287705586447,1.0,1.0,0.0,0.0,0.0,1.4262121097716201e-18,7.156215886337071e-31
m3,2,m3,exponential,direct_exponential,12,20,10,-533.8806818823092,1.0,1.0,0.0,0.0,0.0,1.4262121097716201e-18,7.156215886337071e-31
m3,3,m3,exponential,direct_exponential,12,20,10,-539.8512420772684,1.0,1.0,0.0,0.0,0.0,1.4262121097716201e-18,7.156215886337071e-31
m3,4,m3,exponential,direct_exponential,12,20,10,-509.2175496327118,1.0,1.0,0.0,0.0,0.0,1.4262121097716201e-18,7.156215886337071e-31
m3,5,m3,exponential,direct_exponential,12,20,10,-498.78487634159865,1.0,1.0,0.0,0.0,0.0,1.4262121097716201e-18,7.156215886337071e-31
m3,6,m3,exponential,direct_exponential,12,20,10,-518.8408112475325,1.0,1.0,0.0,0.0,0.0,1.4262121097716201e-18,7.156215886337071e-31
m3,7,m3,exponential,direct_exponential,12,20,10,-498.24570452308205,1.0,1.0,0.0,0.0,0.0,1.4262121097716201e-18,7.156215886337071e-31
m3,8,m3,exponential,direct_exponential,12,20,10,-488.7882422625825,1.0,1.0,0.0,0.0,0.0,1.4262121097716201e-18,7.156215886337071e-31
m3,9,m3,exponential,direct_exponential,12,20,10,-532.4962928665984,1.0,1.0,0.0,0.0,0.0,1.4262121097716201e-18,7.156215886337071e-31
m3,10,m3,exponential,direct_exponential,12,20,10,-510.1276216779899,1.0,1.0,0.0,0.0,0.0,1.4262121097716201e-18,7.156215886337071e-31
m3,11,m3,exponential,direct_exponential,12,20,10,-519.7731965038518,1.0,1.0,0.0,0.0,0.0,1.4262121097716201e-18,7.156215886337071e-31
m3,12,m3,exponential,direct_exponential,12,20,10,-495.6326883466924,1.0,1.0,0.0,0.0,0.0,1.4262121097716201e-18,7.156215886337071e-31
m3,13,m3,exponential,direct_exponential,12,20,10,-521.120358595614,1.0,1.0,0.0,0.0,0.0,1.4262121097716201e-18,7.156215886337071e-31
m3,14,m3,exponential,direct_exponential,12,20,10,-503.6272462948855,1.0,1.0,0.0,0.0,0.0,1.4262121097716201e-18,7.156215886337071e-31
m3,15,m3,exponential,direct_exponential,12,20,10,-514.3799725282776,1.0,1.0,0.0,0.0,0.0,1.4262121097716201e-18,7.156215886337071e-31
m3,16,m3,exponential,direct_exponential,12,20,10,-532.0124393542364,1.0,1.0,0.0,0.0,0.0,1.4262121097716201e-18,7.156215886337071e-31
m3,17,m3,exponential,direct_exponential,12,20,10,-516.513301670972,1.0,1.0,0.0,0.0,0.0,1.4262121097716201e-18,7.156215886337071e-31
m3,18,m3,exponential,direct_exponential,12,20,10,-510.9385544409995,1.0,1.0,0.0,0.0,0.0,1.4262121097716201e-18,7.156215886337071e-31
m3,19,m3,exponential,direct_exponential,12,20,10,-519.2837380481734,1.0,1.0,0.0,0.0,0.0,1.4262121097716201e-18,7.156215886337071e-31
m3,20,m3,exponential,direct_exponential,12,20,10,-506.72101420805683,1.0,1.0,0.0,0.0,0.0,1.4262121097716201e-18,7.156215886337071e-31
m3,21,m3,exponential,direct_exponential,12,20,10,-516.3147125148507,1.0,1.0,0.0,0.0,0.0,1.4262121097716201e-18,7.156215886337071e-31
m3,22,m3,exponential,direct_exponential,12,20,10,-515.8791843902412,1.0,1.0,0.0,0.0,0.0,1.4262121097716201e-18,7.156215886337071e-31
m3,23,m3,exponential,direct_exponential,12,20,10,-520.1168470164964,1.0,1.0,0.0,0.0,0.0,1.4262121097716201e-18,7.156215886337071e-31
m3,24,m3,exponential,direct_exponential,12,20,10,-499.2974609208715,1.0,1.0,0.0,0.0,0.0,1.4262121097716201e-18,7.156215886337071e-31
m3,25,m3,exponential,direct_exponential,12,20,10,-493.2796750187427,1.0,1.0,0.0,0.0,0.0,1.4262121097716201e-18,7.156215886337071e-31
m3,26,m3,exponential,direct_exponential,12,20,10,-503.63554194315327,1.0,1.0,0.0,0.0,0.0,1.4262121097716201e-18,7.156215886337071e-31
m3,27,m3,exponential,direct_exponential,12,20,10,-514.8973762945346,1.0,1.0,0.0,0.0,0.0,1.4262121097716201e-18,7.156215886337071e-31
m3,28,m3,exponential,direct_exponential,12,20,10,-524.7349771482633,1.0,1.0,0.0,0.0,0.0,1.4262121097716201e-18,7.156215886337071e-31
m3,29,m3,exponential,direct_exponential,12,20,10,-506.1388665322008,1.0,1.0,0.0,0.0,0.0,1.4262121097716201e-18,7.156215886337071e-31
m4,0,m3,exponential,direct_exponential,12,20,10,-424.24905464216465,2.8903947577451593e-56,4.432535068155108e-12,4.432535068155108e-12,4.432535068155108e-12,-0.008599754894118596,0.008599725091796254,8.49748656855942e-13
m4,1,m3,exponential,direct_exponential,12,20,10,-427.21779386397196,2.3052129922500693e-52,4.62183798177751e-11,4.62183798177751e-11,4.62183798177751e-11,-0.008599754894118596,0.008599725091796254,8.49748656855942e-13
m4,2,m3,exponential,direct_exponential,12,20,10,-427.55855832075366,2.4768483911933007e-52,9.554518634602438e-13,9.554518634602438e-13,9.554518634602438e-13,-0.008599754894118596,0.008599725091796254,8.49748656855942e-13
m4,3,m3,exponential,direct_exponential,12,20,10,-431.3511226310691,8.110592885519456e-50,2.658764042262618e-10,2.658764042262618e-10,2.658764042262618e-10,-0.008599754894118596,0.008599725091796254,8.49748656855942e-13
m4,4,m3,exponential,direct_exponential,12,20,10,-426.45530191811514,7.229187248729119e-52,2.517215819466956e-12,2.517215819466956e-12,2.517215819466956e-12,-0.008599754894118596,0.008599725091796254,8.49748656855942e-13
m4,5,m3,exponential,direct_exponential,12,20,10,-428.8119549225255,1.2097764566375517e-50,3.4927317982269557e-11,3.4927317982269557e-11,3.4927317982269557e-11,-0.008599754894118596,0.008599725091796254,8.49748656855942e-13
m4,6,m3,exponential,direct_exponential,12,20,10,-427.1734661898207,5.605074343704063e-48,2.7691368295612584e-11,2.7691368295612584e-11,2.7691368295612584e-11,-0.008599754894118596,0.008599725091796254,8.49748656855942e-13
m4,7,m3,exponential,direct_exponential,12,20,10,-426.54049844289403,1.8654584886771973e-58,4.7335382141744375e-12,4.7335382141744375e-12,4.7335382141744375e-12,-0.008599754894118596,0.008599725091796254,8.49748656855942e-13
m4,8,m3,exponential,direct_exponential,12,20,10,-427.9040006006126,2.3699431383527164e-50,1.9778433058004197e-10,1.9778433058004197e-10,1.9778433058004197e-10,-0.008599754894118596,0.008599725091796254,8.49748656855942e-13
m4,9,m3,exponential,direct_exponential,12,20,10,-427.3477674409392,1.0066173155682464e-51,8.404736975831106e-12,8.404736975831106e-12,8.404736975831106e-12,-0.008599754894118596,0.008599725091796254,8.49748656855942e-13
m4,10,m3,exponential,direct_exponential,12,20,10,-424.43378745668963,7.952696809480385e-51,5.034412990656545e-12,5.034412990656545e-12,5.034412990656545e-12,-0.008599754894118596,0.008599725091796254,8.49748656855942e-13
m4,11,m3,exponential,direct_exponential,12,20,10,-423.9141527562766,1.6969897937972066e-55,1.4141657463107027e-11,1.4141657463107027e-11,1.4141657463107027e-11,-0.008599754894118596,0.008599725091796254,8.49748656855942e-13
m4,12,m3,exponential,direct_exponential,12,20,10,-427.4752455810508,1.6867814631419293e-45,4.1934920813613275e-11,4.1934920813613275e-11,4.1934920813613275e-11,-0.008599754894118596,0.008599725091796254,8.49748656855942e-13
m4,13,m3,exponential,direct_exponential,12,20,10,-427.14530985384664,1.6452588437865146e-54,2.379912239502957e-11,2.379912239502957e-11,2.379912239502957e-11,-0.008599754894118596,0.008599725091796254,8.49748656855942e-13
m4,14,m3,exponential,direct_exponential,12,20,10,-423.67975313907664,3.176748017383938e-57,8.066305436094101e-12,8.066305436094101e-12,8.066305436094101e-12,-0.008599754894118596,0.008599725091796254,8.49748656855942e-13
m4,15,m3,exponential,direct_exponential,12,20,10,-429.4789873155238,4.268970837738128e-51,2.96608543282062e-10,2.96608543282062e-10,2.96608543282062e-10,-0.008599754894118596,0.008599725091796254,8.49748656855942e-13
m4,16,m3,exponential,direct_exponential,12,20,10,-423.86893196663635,1.9684897808504426e-57,1.0362070576586113e-11,1.0362070576586113e-11,1.0362070576586113e-11,-0.008599754894118596,0.008599725091796254,8.49748656855942e-13
m4,17,m3,exponential,direct_exponential,12,20,10,-427.1408007378069,2.5290445558204543e-51,2.371369246800814e-11,2.371369246800814e-11,2.371369246800814e-11,-0.008599754894118596,0.008599725091796254,8.49748656855942e-13
m4,18,m3,exponential,direct_exponential,12,20,10,-426.5613238904416,1.448602439388848e-51,1.8933445089519552e-11,1.8933445089519552e-11,1.8933445089519552e-11,-0.008599754894118596,0.008599725091796254,8.49748656855942e-13
m4,19,m3,exponential,direct_exponential,12,20,10,-427.25670816006897,8.353318452064384e-51,2.678072520689856e-11,2.678072520689856e-11,2.678072520689856e-11,-0.008599754894118596,0.008599725091796254,8.49748656855942e-13
m4,20,m3,exponential,direct_exponential,12,20,10,-430.7875579500138,6.199340545366953e-42,2.2597481177943912e-11,2.2597481177943912e-11,2.2597481177943912e-11,-0.008599754894118596,0.008599725091796254,8.49748656855942e-13
m4,21,m3,exponential,direct_exponential,12,20,10,-426.2021444805705,3.0184391631233286e-53,2.252628118759592e-11,2.252628118759592e-11,2.252628118759592e-11,-0.008599754894118596,0.008599725091796254,8.49748656855942e-13
m4,22,m3,exponential,direct_exponential,12,20,10,-425.5838349878824,2.609065505281946e-54,2.368356344373268e-10,2.368356344373268e-10,2.368356344373268e-10,-0.008599754894118596,0.008599725091796254,8.49748656855942e-13
m4,23,m3,exponential,direct_exponential,12,20,10,-425.56748670141036,4.890798365301112e-52,2.890719608128478e-11,2.890719608128478e-11,2.890719608128478e-11,-0.008599754894118596,0.008599725091796254,8.49748656855942e-13
m4,24,m3,exponential,direct_exponential,12,20,10,-429.0807699909577,6.398219014946273e-46,9.250986782172177e-11,9.250986782172177e-11,9.250986782172177e-11,-0.008599754894118596,0.008599725091796254,8.49748656855942e-13
m4,25,m3,exponential,direct_exponential,12,20,10,-429.3134123172952,1.3423103269617775e-45,1.1832469726247297e-10,1.1832469726247297e-10,1.1832469726247297e-10,-0.008599754894118596,0.008599725091796254,8.49748656855942e-13
m4,26,m3,exponential,direct_exponential,12,20,10,-423.71492581573676,4.977894760301856e-59,1.3260537633230651e-11,1.3260537633230651e-11,1.3260537633230651e-11,-0.008599754894118596,0.008599725091796254,8.49748656855942e-13
m4,27,m3,exponential,direct_exponential,12,20,10,-429.1959336451653,6.5248703910374915e-47,2.089060452403757e-10,2.089060452403757e-10,2.089060452403757e-10,-0.008599754894118596,0.008599725091796254,8.49748656855942e-13
m4,28,m3,exponential,direct_exponential,12,20,10,-424.67628250105446,1.3118974738453153e-51,8.966345027561218e-12,8.966345027561218e-12,8.966345027561218e-12,-0.008599754894118596,0.008599725091796254,8.49748656855942e-13
m4,29,m3,exponential,direct_exponential,12,20,10,-426.87254971637645,2.740714986422987e-50,1.2497905488295658e-11,1.2497905488295658e-11,1.2497905488295658e-11,-0.008599754894118596,0.008599725091796254,8.49748656855942e-13
m1,0,m4,exponential,direct_exponential,12,20,10,-329.58045038273946,0.39906172261198797,0.393295019865036,-0.005766702746951957,0.005766702746951957,-0.00946546749487497,0.0094654391826686,8.541969079766884e-13
m1,1,m4,exponential,direct_exponential,12,20,10,-300.3662192584465,0.5162542217828748,0.5173824429512024,0.001128221168327559,0.001128221168327559,-0.00946546749487497,0.0094654391826686,8.541969079766884e-13
m1,2,m4,exponential,direct_exponential,12,20,10,-302.7135517213674,0.4368356582744955,0.42630013823509216,-0.010535520039403334,0.010535520039403334,-0.00946546749487497,0.0094654391826686,8.541969079766884e-13
m1,3,m4,exponential,direct_exponential,12,20,10,-294.67073490852414,0.4412270400498609,0.4373672306537628,-0.0038598093960980906,0.0038598093960980906,-0.00946546749487497,0.0094654391826686,8.541969079766884e-13
m1,4,m4,exponential,direct_exponential,12,20,10,-321.8263367984329,0.27245306066433245,0.28878751397132874,0.01633445330699629,0.01633445330699629,-0.00946546749487497,0.0094654391826686,8.541969079766884e-13
m1,5,m4,exponential,direct_exponential,12,20,10,-283.04048661814477,0.45510124239746663,0.4569770395755768,0.0018757971781101501,0.0018757971781101501,-0.00946546749487497,0.0094654391826686,8.541969079766884e-13
m1,6,m4,exponential,direct_exponential,12,20,10,-302.1586003611831,0.4008103824906508,0.3974091112613678,-0.0034012712292830205,0.0034012712292830205,-0.00946546749487497,0.0094654391826686,8.541969079766884e-13
m1,7,m4,exponential,direct_exponential,12,20,10,-328.275964426071,0.4043807610364008,0.3950345516204834,-0.009346209415917406,0.009346209415917406,-0.00946546749487497,0.0094654391826686,8.541969079766884e-13
m1,8,m4,exponential,direct_exponential,12,20,10,-314.8030766871651,0.44190412497060044,0.432253897190094,-0.009650227780506448,0.009650227780506448,-0.00946546749487497,0.0094654391826686,8.541969079766884e-13
m1,9,m4,exponential,direct_exponential,12,20,10,-307.9048165088103,0.4053359734667796,0.4025932550430298,-0.0027427184237497904,0.0027427184237497904,-0.00946546749487497,0.0094654391826686,8.541969079766884e-13
m1,10,m4,exponential,direct_exponential,12,20,10,-308.727455668042,0.3300925821034628,0.33441299200057983,0.004320409897117017,0.004320409897117017,-0.00946546749487497,0.0094654391826686,8.541969079766884e-13
m1,11,m4,exponential,direct_exponential,12,20,10,-324.08307203009775,0.37529463153542825,0.36891883611679077,-0.0063757954186374755,0.0063757954186374755,-0.00946546749487497,0.0094654391826686,8.541969079766884e-13
m1,12,m4,exponential,direct_exponential,12,20,10,-307.96188979601936,0.50315936369479,0.5071278214454651,0.003968457750675114,0.003968457750675114,-0.00946546749487497,0.0094654391826686,8.541969079766884e-13
m1,13,m4,exponential,direct_exponential,12,20,10,-301.2937788211532,0.6031791441937701,0.5970383882522583,-0.006140755941511755,0.006140755941511755,-0.00946546749487497,0.0094654391826686,8.541969079766884e-13
m1,14,m4,exponential,direct_exponential,12,20,10,-305.9149850598213,0.48330856713692266,0.4897269904613495,0.006418423324426825,0.006418423324426825,-0.00946546749487497,0.0094654391826686,8.541969079766884e-13
m1,15,m4,exponential,direct_exponential,12,20,10,-293.9035818397152,0.7070045528218937,0.701812744140625,-0.0051918086812686726,0.0051918086812686726,-0.00946546749487497,0.0094654391826686,8.541969079766884e-13
m1,16,m4,exponential,direct_exponential,12,20,10,-304.73371596848034,0.5952495070653917,0.587922215461731,-0.007327291603660746,0.007327291603660746,-0.00946546749487497,0.0094654391826686,8.541969079766884e-13
m1,17,m4,exponential,direct_exponential,12,20,10,-308.6153945676757,0.5170414475959451,0.5075857043266296,-0.00945574326931542,0.00945574326931542,-0.00946546749487497,0.0094654391826686,8.541969079766884e-13
m1,18,m4,exponential,direct_exponential,12,20,10,-304.5730487907788,0.2959084817731627,0.3070354759693146,0.011126994196151874,0.011126994196151874,-0.00946546749487497,0.0094654391826686,8.541969079766884e-13
m1,19,m4,exponential,direct_exponential,12,20,10,-315.9545183216575,0.49538709198010683,0.4888722896575928,-0.006514802322514057,0.006514802322514057,-0.00946546749487497,0.0094654391826686,8.541969079766884e-13
m1,20,m4,exponential,direct_exponential,12,20,10,-305.5859849168478,0.42839927854299525,0.43966594338417053,0.011266664841175278,0.011266664841175278,-0.00946546749487497,0.0094654391826686,8.541969079766884e-13
m1,21,m4,exponential,direct_exponential,12,20,10,-312.37803709479255,0.5557010288131478,0.5498197674751282,-0.005881261338019583,0.005881261338019583,-0.00946546749487497,0.0094654391826686,8.541969079766884e-13
m1,22,m4,exponential,direct_exponential,12,20,10,-313.7959636546795,0.6326020467709227,0.6189969182014465,-0.013605128569476155,0.013605128569476155,-0.00946546749487497,0.0094654391826686,8.541969079766884e-13
m1,23,m4,exponential,direct_exponential,12,20,10,-306.1082904533196,0.2909005014457693,0.29739823937416077,0.006497737928391478,0.006497737928391478,-0.00946546749487497,0.0094654391826686,8.541969079766884e-13
m1,24,m4,exponential,direct_exponential,12,20,10,-298.84132502228266,0.6378125995473705,0.635400116443634,-0.002412483103736429,0.002412483103736429,-0.00946546749487497,0.0094654391826686,8.541969079766884e-13
m1,25,m4,exponential,direct_exponential,12,20,10,-321.5840899766585,0.5655357844932162,0.5601110458374023,-0.005424738655813832,0.005424738655813832,-0.00946546749487497,0.0094654391826686,8.541969079766884e-13
m1,26,m4,exponential,direct_exponential,12,20,10,-314.5953500393697,0.4235024745118952,0.41967037320137024,-0.0038321013105249713,0.0038321013105249713,-0.00946546749487497,0.0094654391826686,8.541969079766884e-13
m1,27,m4,exponential,direct_exponential,12,20,10,-339.54374822726453,0.32638680957718724,0.32896360754966736,0.002576797972480116,0.002576797972480116,-0.00946546749487497,0.0094654391826686,8.541969079766884e-13
m1,28,m4,exponential,direct_exponential,12,20,10,-317.76992452885025,0.45952584579553135,0.46236327290534973,0.00283742710981838,0.00283742710981838,-0.00946546749487497,0.0094654391826686,8.541969079766884e-13
m1,29,m4,exponential,direct_exponential,12,20,10,-301.76656642687294,0.5209280252052133,0.5202404260635376,-0.0006875991416757099,0.0006875991416757099,-0.00946546749487497,0.0094654391826686,8.541969079766884e-13
m2,0,m4,exponential,direct_exponential,12,20,10,-376.45962136625906,1.6443338553693828e-31,1.029716888273e-33,-1.6340366864866528e-31,1.6340366864866528e-31,-4.778496447196808e-28,1.2009310674353897e-18,0.0
m2,1,m4,exponential,direct_exponential,12,20,10,-373.56905557200906,6.510410150483861e-30,1.8295309587541617e-33,-6.508580619525107e-30,6.508580619525107e-30,-4.778496447196808e-28,1.2009310674353897e-18,0.0
m2,2,m4,exponential,direct_exponential,12,20,10,-382.1069964513218,7.655837037004428e-30,7.293100774530006e-34,-7.655107726926975e-30,7.655107726926975e-30,-4.778496447196808e-28,1.2009310674353897e-18,0.0
m2,3,m4,exponential,direct_exponential,12,20,10,-374.0732251635458,2.003431892847941e-32,1.2111058603449526e-34,-1.9913208342444916e-32,1.9913208342444916e-32,-4.778496447196808e-28,1.2009310674353897e-18,0.0
m2,4,m4,exponential,direct_exponential,12,20,10,-359.7641788887086,2.360507841451959e-22,1.262064513909358e-32,-2.360507841325753e-22,2.360507841325753e-22,-4.778496447196808e-28,1.2009310674353897e-18,0.0
m2,5,m4,exponential,direct_exponential,12,20,10,-367.58501114534704,3.4638407798161354e-29,1.742570274403229e-33,-3.463666522788695e-29,3.463666522788695e-29,-4.778496447196808e-28,1.2009310674353897e-18,0.0
m2,6,m4,exponential,direct_exponential,12,20,10,-376.6365874475963,1.113529244068678e-36,6.590994995525291e-37,-4.544297445161489e-37,4.544297445161489e-37,-4.778496447196808e-28,1.2009310674353897e-18,0.0
m2,7,m4,exponential,direct_exponential,12,20,10,-391.6987212320259,3.650559416196059e-36,2.557266472142715e-36,-1.0932929440533438e-36,1.0932929440533438e-36,-4.778496447196808e-28,1.2009310674353897e-18,0.0
m2,8,m4,exponential,direct_exponential,12,20,10,-401.4374853951755,5.949481918966712e-34,3.732059321743374e-36,-5.912161325749278e-34,5.912161325749278e-34,-4.778496447196808e-28,1.2009310674353897e-18,0.0
m2,9,m4,exponential,direct_exponential,12,20,10,-390.40866878361066,2.8838338869638595e-35,7.888215682209165e-35,5.004381795245306e-35,5.004381795245306e-35,-4.778496447196808e-28,1.2009310674353897e-18,0.0
m2,10,m4,exponential,direct_exponential,12,20,10,-349.01940168629716,5.083017441787359e-26,3.951918702600434e-33,-5.0830170465954886e-26,5.0830170465954886e-26,-4.778496447196808e-28,1.2009310674353897e-18,0.0
m2,11,m4,exponential,direct_exponential,12,20,10,-400.0275657130163,1.493202628324252e-37,5.139974174833967e-35,5.125042148550725e-35,5.125042148550725e-35,-4.778496447196808e-28,1.2009310674353897e-18,0.0
m2,12,m4,exponential,direct_exponential,12,20,10,-417.2735282349787,1.0640112800743678e-39,3.968134661519324e-37,3.95749454871858e-37,3.95749454871858e-37,-4.778496447196808e-28,1.2009310674353897e-18,0.0
m2,13,m4,exponential,direct_exponential,12,20,10,-364.81722115294514,1.1949658501476877e-25,2.7175533906370586e-32,-1.1949655783923487e-25,1.1949655783923487e-25,-4.778496447196808e-28,1.2009310674353897e-18,0.0
m2,14,m4,exponential,direct_exponential,12,20,10,-382.52227038596754,7.525112032624192e-37,2.8523581357358044e-36,2.0998469324733852e-36,2.0998469324733852e-36,-4.778496447196808e-28,1.2009310674353897e-18,0.0
m2,15,m4,exponential,direct_exponential,12,20,10,-391.5246749091821,2.763919271740945e-37,2.026192559833258e-36,1.7498006326591634e-36,1.7498006326591634e-36,-4.778496447196808e-28,1.2009310674353897e-18,0.0
m2,16,m4,exponential,direct_exponential,12,20,10,-359.8050644354682,3.2762639905917174e-26,2.258937502273208e-32,-3.276261731654215e-26,3.276261731654215e-26,-4.778496447196808e-28,1.2009310674353897e-18,0.0
m2,17,m4,exponential,direct_exponential,12,20,10,-370.1091030592209,1.3450989181511777e-29,5.988865341091826e-37,-1.3450988582625243e-29,1.3450988582625243e-29,-4.778496447196808e-28,1.2009310674353897e-18,0.0
m2,18,m4,exponential,direct_exponential,12,20,10,-373.84020475725754,2.700989383193665e-33,2.3973779675991568e-35,-2.6770156035176735e-33,2.6770156035176735e-33,-4.778496447196808e-28,1.2009310674353897e-18,0.0
m2,19,m4,exponential,direct_exponential,12,20,10,-389.5579175499548,1.222706517429167e-31,2.4493479618608895e-35,-1.222461582632981e-31,1.222461582632981e-31,-4.778496447196808e-28,1.2009310674353897e-18,0.0
m2,20,m4,exponential,direct_exponential,12,20,10,-393.6306712658336,2.3922474826831622e-36,2.1428725351809628e-35,1.9036477869126466e-35,1.9036477869126466e-35,-4.778496447196808e-28,1.2009310674353897e-18,0.0
m2,21,m4,exponential,direct_exponential,12,20,10,-384.6608865387344,1.897887125134528e-37,4.1010683358700504e-37,2.2031812107355226e-37,2.2031812107355226e-37,-4.778496447196808e-28,1.2009310674353897e-18,0.0
m2,22,m4,exponential,direct_exponential,12,20,10,-403.4567290890327,1.6960535693708936e-29,1.6117053811443127e-34,-1.6960374523170822e-29,1.6960374523170822e-29,-4.778496447196808e-28,1.2009310674353897e-18,0.0
m2,23,m4,exponential,direct_exponential,12,20,10,-374.47817556282484,1.8548640694245937e-29,9.658104032065771e-34,-1.854767488384273e-29,1.854767488384273e-29,-4.778496447196808e-28,1.2009310674353897e-18,0.0
m2,24,m4,exponential,direct_exponential,12,20,10,-372.25835681050376,2.54630413705819e-32,8.190529525983507e-36,-2.545485084105592e-32,2.545485084105592e-32,-4.778496447196808e-28,1.2009310674353897e-18,0.0
m2,25,m4,exponential,direct_exponential,12,20,10,-387.62420889923607,3.365922516692065e-37,7.579882129281388e-37,4.213959612589323e-37,4.213959612589323e-37,-4.778496447196808e-28,1.2009310674353897e-18,0.0
m2,26,m4,exponential,direct_exponential,12,20,10,-372.474550806441,1.7990838732623715e-29,1.9975074484477358e-34,-1.799063898187887e-29,1.799063898187887e-29,-4.778496447196808e-28,1.2009310674353897e-18,0.0
m2,27,m4,exponential,direct_exponential,12,20,10,-378.2684258245387,8.582676072690768e-29,3.0854822408236715e-32,-8.579590590449944e-29,8.579590590449944e-29,-4.778496447196808e-28,1.2009310674353897e-18,0.0
m2,28,m4,exponential,direct_exponential,12,20,10,-391.7100025153323,5.898267409416513e-35,7.498264228901991e-37,-5.823284767127494e-35,5.823284767127494e-35,-4.778496447196808e-28,1.2009310674353897e-18,0.0
m2,29,m4,exponential,direct_exponential,12,20,10,-411.61439269684985,2.2683834526843563e-39,4.7211136248010715e-36,4.718845241348387e-36,4.718845241348387e-36,-4.778496447196808e-28,1.2009310674353897e-18,0.0
m3,0,m4,exponential,direct_exponential,12,20,10,-1030.7041249364368,8.69077162547391e-226,4.894066815947981e-31,4.894066815947981e-31,4.894066815947981e-31,0.0,1.4262121097716201e-18,7.156215886337071e-31
m3,1,m4,exponential,direct_exponential,12,20,10,-1009.7876470634457,1.8566620247267211e-218,1.9039937504329534e-33,1.9039937504329534e-33,1.9039937504329534e-33,0.0,1.4262121097716201e-18,7.156215886337071e-31
m3,2,m4,exponential,direct_exponential,12,20,10,-1214.9710343979368,1.6077489140891548e-296,6.878512963158699e-29,6.878512963158699e-29,6.878512963158699e-29,0.0,1.4262121097716201e-18,7.156215886337071e-31
m3,3,m4,exponential,direct_exponential,12,20,10,-1239.8817341566396,9.56357186963055e-305,9.499225746102276e-28,9.499225746102276e-28,9.499225746102276e-28,0.0,1.4262121097716201e-18,7.156215886337071e-31
m3,4,m4,exponential,direct_exponential,12,20,10,-1024.3359835621875,1.936005638290966e-224,2.5773936201821257e-35,2.5773936201821257e-35,2.5773936201821257e-35,0.0,1.4262121097716201e-18,7.156215886337071e-31
m3,5,m4,exponential,direct_exponential,12,20,10,-951.0601954470552,3.795986082457502e-197,1.9567794902364306e-28,1.9567794902364306e-28,1.9567794902364306e-28,0.0,1.4262121097716201e-18,7.156215886337071e-31
m3,6,m4,exponential,direct_exponential,12,20,10,-1089.8276574381687,1.0557557613018366e-248,2.303166581922771e-24,2.303166581922771e-24,2.303166581922771e-24,0.0,1.4262121097716201e-18,7.156215886337071e-31
m3,7,m4,exponential,direct_exponential,12,20,10,-969.2920457436073,2.6740731738729554e-205,9.330810870022414e-23,9.330810870022414e-23,9.330810870022414e-23,0.0,1.4262121097716201e-18,7.156215886337071e-31
m3,8,m4,exponential,direct_exponential,12,20,10,-847.114891176466,2.4027780605989163e-156,8.696636076208075e-13,8.696636076208075e-13,8.696636076208075e-13,0.0,1.4262121097716201e-18,7.156215886337071e-31
m3,9,m4,exponential,direct_exponential,12,20,10,-1223.807118481458,5.8549495260101296e-301,7.05738523977082e-38,7.05738523977082e-38,7.05738523977082e-38,0.0,1.4262121097716201e-18,7.156215886337071e-31
m3,10,m4,exponential,direct_exponential,12,20,10,-1022.6642650955883,2.5595521968206117e-223,2.124507615664866e-30,2.124507615664866e-30,2.124507615664866e-30,0.0,1.4262121097716201e-18,7.156215886337071e-31
m3,11,m4,exponential,direct_exponential,12,20,10,-1119.7958740210333,2.5909685264963337e-261,6.0375484788529694e-27,6.0375484788529694e-27,6.0375484788529694e-27,0.0,1.4262121097716201e-18,7.156215886337071e-31
m3,12,m4,exponential,direct_exponential,12,20,10,-918.6466777613516,1.9380216723423037e-184,4.014680258963891e-22,4.014680258963891e-22,4.014680258963891e-22,0.0,1.4262121097716201e-18,7.156215886337071e-31
m3,13,m4,exponential,direct_exponential,12,20,10,-1130.435162213672,2.38749816638029e-265,0.0,-2.38749816638029e-265,2.38749816638029e-265,0.0,1.4262121097716201e-18,7.156215886337071e-31
m3,14,m4,exponential,direct_exponential,12,20,10,-959.7069471457314,8.454785859702158e-199,8.410990219292575e-23,8.410990219292575e-23,8.410990219292575e-23,0.0,1.4262121097716201e-18,7.156215886337071e-31
m3,15,m4,exponential,direct_exponential,12,20,10,-1019.2307714170607,5.572933466130609e-220,6.764738635995824e-16,6.764738635995824e-16,6.764738635995824e-16,0.0,1.4262121097716201e-18,7.156215886337071e-31
m3,16,m4,exponential,direct_exponential,12,20,10,-1245.1652063637443,1.91288355576803e-310,1.6581915909445263e-34,1.6581915909445263e-34,1.6581915909445263e-34,0.0,1.4262121097716201e-18,7.156215886337071e-31
m3,17,m4,exponential,direct_exponential,12,20,10,-1060.6374931173743,4.896279314860158e-237,3.80312483338486e-30,3.80312483338486e-30,3.80312483338486e-30,0.0,1.4262121097716201e-18,7.156215886337071e-31
m3,18,m4,exponential,direct_exponential,12,20,10,-1056.9385178157127,7.502893588002424e-238,3.14391207682343e-26,3.14391207682343e-26,3.14391207682343e-26,0.0,1.4262121097716201e-18,7.156215886337071e-31
m3,19,m4,exponential,direct_exponential,12,20,10,-1133.5719354543194,1.652059057024895e-267,8.822557194768705e-36,8.822557194768705e-36,8.822557194768705e-36,0.0,1.4262121097716201e-18,7.156215886337071e-31
m3,20,m4,exponential,direct_exponential,12,20,10,-1019.0224706541022,3.2382054134855267e-223,3.6938888554635114e-28,3.6938888554635114e-28,3.6938888554635114e-28,0.0,1.4262121097716201e-18,7.156215886337071e-31
m3,21,m4,exponential,direct_exponential,12,20,10,-1110.4889460755794,8.98274508837344e-259,1.6844845813511634e-26,1.6844845813511634e-26,1.6844845813511634e-26,0.0,1.4262121097716201e-18,7.156215886337071e-31
m3,22,m4,exponential,direct_exponential,12,20,10,-1079.0592154824176,2.594299897925262e-245,4.556898406358962e-25,4.556898406358962e-25,4.556898406358962e-25,0.0,1.4262121097716201e-18,7.156215886337071e-31
m3,23,m4,exponential,direct_exponential,12,20,10,-1075.692964391275,5.204247555641994e-242,4.290828968634862e-34,4.290828968634862e-34,4.290828968634862e-34,0.0,1.4262121097716201e-18,7.156215886337071e-31
m3,24,m4,exponential,direct_exponential,12,20,10,-930.0740293822053,8.243533060851835e-188,4.9028330885791256e-30,4.9028330885791256e-30,4.9028330885791256e-30,0.0,1.4262121097716201e-18,7.156215886337071e-31
m3,25,m4,exponential,direct_exponential,12,20,10,-873.2249246884008,9.814646073800826e-166,3.4269420693824237e-19,3.4269420693824237e-19,3.4269420693824237e-19,0.0,1.4262121097716201e-18,7.156215886337071e-31
m3,26,m4,exponential,direct_exponential,12,20,10,-982.5544504904713,1.018968453474111e-208,2.4362828425741386e-28,2.4362828425741386e-28,2.4362828425741386e-28,0.0,1.4262121097716201e-18,7.156215886337071e-31
m3,27,m4,exponential,direct_exponential,12,20,10,-1055.2383614713053,2.15224541630236e-235,2.6430532035442314e-31,2.6430532035442314e-31,2.6430532035442314e-31,0.0,1.4262121097716201e-18,7.156215886337071e-31
m3,28,m4,exponential,direct_exponential,12,20,10,-1187.458375643641,1.5236492607424701e-288,1.89658725440201e-31,1.89658725440201e-31,1.89658725440201e-31,0.0,1.4262121097716201e-18,7.156215886337071e-31
m3,29,m4,exponential,direct_exponential,12,20,10,-955.2579094789403,8.914108801106749e-196,6.733989835366343e-33,6.733989835366343e-33,6.733989835366343e-33,0.0,1.4262121097716201e-18,7.156215886337071e-31
m4,0,m4,exponential,direct_exponential,12,20,10,-296.9251298874044,0.5715248207911928,0.5690043568611145,-0.0025204639300783205,0.0025204639300783205,-0.008599754894118596,0.008599725091796254,8.49748656855942e-13
m4,1,m4,exponential,direct_exponential,12,20,10,-308.8185820083045,0.606506457562156,0.614112377166748,0.007605919604592004,0.007605919604592004,-0.008599754894118596,0.008599725091796254,8.49748656855942e-13
m4,2,m4,exponential,direct_exponential,12,20,10,-309.21785556549366,0.614629803208693,0.6231873035430908,0.008557500334397838,0.008557500334397838,-0.008599754894118596,0.008599725091796254,8.49748656855942e-13
m4,3,m4,exponential,direct_exponential,12,20,10,-319.5438870995896,0.2926294496582559,0.30303478240966797,0.010405332751412089,0.010405332751412089,-0.008599754894118596,0.008599725091796254,8.49748656855942e-13
m4,4,m4,exponential,direct_exponential,12,20,10,-309.6772883456718,0.37595544230378414,0.37689048051834106,0.0009350382145569269,0.0009350382145569269,-0.008599754894118596,0.008599725091796254,8.49748656855942e-13
m4,5,m4,exponential,direct_exponential,12,20,10,-314.2511023485367,0.6852534701464073,0.6683908104896545,-0.01686265965675271,0.01686265965675271,-0.008599754894118596,0.008599725091796254,8.49748656855942e-13
m4,6,m4,exponential,direct_exponential,12,20,10,-319.3527798560878,0.37541401961357723,0.375107079744339,-0.000306939869238243,0.000306939869238243,-0.008599754894118596,0.008599725091796254,8.49748656855942e-13
m4,7,m4,exponential,direct_exponential,12,20,10,-294.35648175713766,0.4759645765259909,0.48150500655174255,0.005540430025751664,0.005540430025751664,-0.008599754894118596,0.008599725091796254,8.49748656855942e-13
m4,8,m4,exponential,direct_exponential,12,20,10,-314.7601456729825,0.32545412656766454,0.3186069428920746,-0.006847183675589952,0.006847183675589952,-0.008599754894118596,0.008599725091796254,8.49748656855942e-13
m4,9,m4,exponential,direct_exponential,12,20,10,-310.6514174781869,0.48244214955001463,0.4849081039428711,0.002465954392856462,0.002465954392856462,-0.008599754894118596,0.008599725091796254,8.49748656855942e-13
m4,10,m4,exponential,direct_exponential,12,20,10,-309.5697681710771,0.6099920439395924,0.604410707950592,-0.005581335989000347,0.005581335989000347,-0.008599754894118596,0.008599725091796254,8.49748656855942e-13
m4,11,m4,exponential,direct_exponential,12,20,10,-298.58577718667186,0.4561431592129876,0.44674113392829895,-0.009402025284688642,0.009402025284688642,-0.008599754894118596,0.008599725091796254,8.49748656855942e-13
m4,12,m4,exponential,direct_exponential,12,20,10,-324.98743978031,0.5456916913797826,0.5412306785583496,-0.004461012821432964,0.004461012821432964,-0.008599754894118596,0.008599725091796254,8.49748656855942e-13
m4,13,m4,exponential,direct_exponential,12,20,10,-303.90547771569186,0.547788968686798,0.5483060479164124,0.0005170792296143034,0.0005170792296143034,-0.008599754894118596,0.008599725091796254,8.49748656855942e-13
m4,14,m4,exponential,direct_exponential,12,20,10,-294.1696732822488,0.559108120772368,0.5487391352653503,-0.010368985507017703,0.010368985507017703,-0.008599754894118596,0.008599725091796254,8.49748656855942e-13
m4,15,m4,exponential,direct_exponential,12,20,10,-314.3946667814277,0.40813942622254845,0.41046270728111267,0.0023232810585642194,0.0023232810585642194,-0.008599754894118596,0.008599725091796254,8.49748656855942e-13
m4,16,m4,exponential,direct_exponential,12,20,10,-293.79507019275417,0.6088265355561338,0.6076425909996033,-0.0011839445565304807,0.0011839445565304807,-0.008599754894118596,0.008599725091796254,8.49748656855942e-13
m4,17,m4,exponential,direct_exponential,12,20,10,-311.3369598480092,0.49650721324945907,0.49575990438461304,-0.0007473088648460302,0.0007473088648460302,-0.008599754894118596,0.008599725091796254,8.49748656855942e-13
m4,18,m4,exponential,direct_exponential,12,20,10,-310.1565383891116,0.5186868319298245,0.5176727175712585,-0.0010141143585659096,0.0010141143585659096,-0.008599754894118596,0.008599725091796254,8.49748656855942e-13
m4,19,m4,exponential,direct_exponential,12,20,10,-312.5357397182093,0.5553190744491324,0.5493431091308594,-0.0059759653182730466,0.0059759653182730466,-0.008599754894118596,0.008599725091796254,8.49748656855942e-13
m4,20,m4,exponential,direct_exponential,12,20,10,-336.76809978409256,0.4211893360405873,0.4181801974773407,-0.003009138563246583,0.003009138563246583,-0.008599754894118596,0.008599725091796254,8.49748656855942e-13
m4,21,m4,exponential,direct_exponential,12,20,10,-306.0267713911182,0.46911986154923474,0.4641052186489105,-0.005014642900324218,0.005014642900324218,-0.008599754894118596,0.008599725091796254,8.49748656855942e-13
m4,22,m4,exponential,direct_exponential,12,20,10,-302.94307786970177,0.47718749682176986,0.4664827287197113,-0.01070476810205856,0.01070476810205856,-0.008599754894118596,0.008599725091796254,8.49748656855942e-13
m4,23,m4,exponential,direct_exponential,12,20,10,-308.03659249538896,0.5400059750267381,0.5333287715911865,-0.00667720343555156,0.00667720343555156,-0.008599754894118596,0.008599725091796254,8.49748656855942e-13
m4,24,m4,exponential,direct_exponential,12,20,10,-326.0974101419064,0.33975355720123795,0.3418114483356476,0.0020578911344096285,0.0020578911344096285,-0.008599754894118596,0.008599725091796254,8.49748656855942e-13
m4,25,m4,exponential,direct_exponential,12,20,10,-326.6503392885845,0.5174388619108885,0.5255422592163086,0.00810339730542009,0.00810339730542009,-0.008599754894118596,0.008599725091796254,8.49748656855942e-13
m4,26,m4,exponential,direct_exponential,12,20,10,-290.1080766541268,0.5269422798836324,0.5219234228134155,-0.0050188570702168755,0.0050188570702168755,-0.008599754894118596,0.008599725091796254,8.49748656855942e-13
m4,27,m4,exponential,direct_exponential,12,20,10,-323.16771305864256,0.7278518933899871,0.709815502166748,-0.01803639122323908,0.01803639122323908,-0.008599754894118596,0.008599725091796254,8.49748656855942e-13
m4,28,m4,exponential,direct_exponential,12,20,10,-308.24933452840395,0.4802650079610803,0.4758044183254242,-0.004460589635656098,0.004460589635656098,-0.008599754894118596,0.008599725091796254,8.49748656855942e-13
m4,29,m4,exponential,direct_exponential,12,20,10,-313.3604959307886,0.5439042635121898,0.539404571056366,-0.004499692455823823,0.004499692455823823,-0.008599754894118596,0.008599725091796254,8.49748656855942e-13
