run,model,summary,diagnostic,scope,n,TP,FP,FN,TN,FNR,FPR,q05,q95
run1,m1,S=D,l2,nonempirical,119,5,39,8,67,61.53846153846154,36.79245283018868,-0.0016405874110885,0.001567276906692
run1,m1,S=D,linf,nonempirical,119,3,37,10,69,76.92307692307692,34.905660377358494,-0.0016405874110885,0.001567276906692
run1,m1,S=D,density,nonempirical,119,2,55,11,51,84.61538461538461,51.886792452830186,-0.0016405874110885,0.001567276906692
run1,m1,S=D,mmd,nonempirical,119,3,11,10,95,76.92307692307692,10.37735849056604,-0.0016405874110885,0.001567276906692
run1,m1,S=2D,l2,nonempirical,119,5,54,12,48,70.58823529411765,52.94117647058823,-0.0012848800783843,0.0012131901395627
run1,m1,S=2D,linf,nonempirical,119,4,51,13,51,76.47058823529412,50.0,-0.0012848800783843,0.0012131901395627
run1,m1,S=2D,density,nonempirical,119,5,74,12,28,70.58823529411765,72.54901960784314,-0.0012848800783843,0.0012131901395627
run1,m1,S=2D,mmd,nonempirical,119,5,30,12,72,70.58823529411765,29.41176470588235,-0.0012848800783843,0.0012131901395627
run1,m1,S=4D,l2,nonempirical,119,3,63,9,44,75.0,58.87850467289719,-0.0013253276273652,0.0013253276273652
run1,m1,S=4D,linf,nonempirical,119,3,59,9,48,75.0,55.14018691588785,-0.0013253276273652,0.0013253276273652
run1,m1,S=4D,density,nonempirical,119,8,78,4,29,33.333333333333336,72.89719626168224,-0.0013253276273652,0.0013253276273652
run1,m1,S=4D,mmd,nonempirical,119,4,30,8,77,66.66666666666667,28.037383177570092,-0.0013253276273652,0.0013253276273652
run1,m3,S=D,l2,nonempirical,119,15,33,29,42,65.9090909090909,44.0,-2.1057395365146717e-05,0.0001551607952634
run1,m3,S=D,linf,nonempirical,119,15,28,29,47,65.9090909090909,37.333333333333336,-2.1057395365146717e-05,0.0001551607952634
run1,m3,S=D,density,nonempirical,119,11,31,33,44,75.0,41.333333333333336,-2.1057395365146717e-05,0.0001551607952634
run1,m3,S=D,mmd,nonempirical,119,12,24,32,51,72.72727272727273,32.0,-2.1057395365146717e-05,0.0001551607952634
run1,m3,S=2D,l2,nonempirical,119,14,20,46,39,76.66666666666667,33.898305084745765,-3.241884120067353e-05,1.0922668679607744e-05
run1,m3,S=2D,linf,nonempirical,119,11,20,49,39,81.66666666666667,33.898305084745765,-3.241884120067353e-05,1.0922668679607744e-05
run1,m3,S=2D,density,nonempirical,119,24,33,36,26,60.0,55.932203389830505,-3.241884120067353e-05,1.0922668679607744e-05
run1,m3,S=2D,mmd,nonempirical,119,13,16,47,43,78.33333333333333,27.11864406779661,-3.241884120067353e-05,1.0922668679607744e-05
run1,m3,S=4D,l2,nonempirical,119,14,24,36,45,72.0,34.78260869565217,-8.880142746641938e-05,1.4711300834054452e-05
run1,m3,S=4D,linf,nonempirical,119,14,23,36,46,72.0,33.333333333333336,-8.880142746641938e-05,1.4711300834054452e-05
run1,m3,S=4D,density,nonempirical,119,16,34,34,35,68.0,49.27536231884058,-8.880142746641938e-05,1.4711300834054452e-05
run1,m3,S=4D,mmd,nonempirical,119,11,24,39,45,78.0,34.78260869565217,-8.880142746641938e-05,1.4711300834054452e-05
run2,m1,S=D,l2,nonempirical,119,4,40,9,66,69.23076923076923,37.735849056603776,-0.0021464317339203,0.0019121741140353
run2,m1,S=D,linf,nonempirical,119,5,38,8,68,61.53846153846154,35.84905660377358,-0.0021464317339203,0.0019121741140353
run2,m1,S=D,density,nonempirical,119,2,57,11,49,84.61538461538461,53.77358490566038,-0.0021464317339203,0.0019121741140353
run2,m1,S=D,mmd,nonempirical,119,2,20,11,86,84.61538461538461,18.867924528301888,-0.0021464317339203,0.0019121741140353
run2,m1,S=2D,l2,nonempirical,119,5,43,7,64,58.333333333333336,40.18691588785047,-0.0013068645152804,0.0012253234488288
run2,m1,S=2D,linf,nonempirical,119,4,45,8,62,66.66666666666667,42.05607476635514,-0.0013068645152804,0.0012253234488288
run2,m1,S=2D,density,nonempirical,119,5,74,7,33,58.333333333333336,69.1588785046729,-0.0013068645152804,0.0012253234488288
run2,m1,S=2D,mmd,nonempirical,119,5,32,7,75,58.333333333333336,29.90654205607477,-0.0013068645152804,0.0012253234488288
run2,m1,S=4D,l2,nonempirical,119,5,60,6,48,54.54545454545455,55.55555555555556,-0.0015090402190796,0.0015090402190797
run2,m1,S=4D,linf,nonempirical,119,5,56,6,52,54.54545454545455,51.851851851851855,-0.0015090402190796,0.0015090402190797
run2,m1,S=4D,density,nonempirical,119,5,75,6,33,54.54545454545455,69.44444444444444,-0.0015090402190796,0.0015090402190797
run2,m1,S=4D,mmd,nonempirical,119,4,22,7,86,63.63636363636363,20.37037037037037,-0.0015090402190796,0.0015090402190797
run2,m3,S=D,l2,nonempirical,119,17,25,38,39,69.0909090909091,39.0625,-2.200117524190807e-05,7.021628855742197e-05
run2,m3,S=D,linf,nonempirical,119,14,25,41,39,74.54545454545455,39.0625,-2.200117524190807e-05,7.021628855742197e-05
run2,m3,S=D,density,nonempirical,119,13,26,42,38,76.36363636363636,40.625,-2.200117524190807e-05,7.021628855742197e-05
run2,m3,S=D,mmd,nonempirical,119,11,21,44,43,80.0,32.8125,-2.200117524190807e-05,7.021628855742197e-05
run2,m3,S=2D,l2,nonempirical,119,13,24,46,36,77.96610169491525,40.0,-2.983212408189146e-05,1.8068972458550884e-05
run2,m3,S=2D,linf,nonempirical,119,13,24,46,36,77.96610169491525,40.0,-2.983212408189146e-05,1.8068972458550884e-05
run2,m3,S=2D,density,nonempirical,119,17,34,42,26,71.1864406779661,56.666666666666664,-2.983212408189146e-05,1.8068972458550884e-05
run2,m3,S=2D,mmd,nonempirical,119,10,20,49,40,83.05084745762711,33.333333333333336,-2.983212408189146e-05,1.8068972458550884e-05
run2,m3,S=4D,l2,nonempirical,119,16,25,38,40,70.37037037037037,38.46153846153846,-3.558915185879222e-05,3.0602574957110164e-05
run2,m3,S=4D,linf,nonempirical,119,14,25,40,40,74.07407407407408,38.46153846153846,-3.558915185879222e-05,3.0602574957110164e-05
run2,m3,S=4D,density,nonempirical,119,18,33,36,32,66.66666666666667,50.76923076923077,-3.558915185879222e-05,3.0602574957110164e-05
run2,m3,S=4D,mmd,nonempirical,119,15,20,39,45,72.22222222222223,30.76923076923077,-3.558915185879222e-05,3.0602574957110164e-05
