generating_model,dataset_id,candidate_model,loss_function,network_tag,summary_dim,num_dims,num_obs,analytical_logml,analytical_pmp,direct_pmp,signed_pmp_error,absolute_pmp_error
m1,0,m1,cross_entropy,direct_cross_entropy,12,20,10,-329.171074251521,0.600938277388012,0.5964512228965759,-0.004487054491436049,0.004487054491436049
m1,1,m1,cross_entropy,direct_cross_entropy,12,20,10,-300.4312590633698,0.4837457782171251,0.47307857871055603,-0.01066719950656908,0.01066719950656908
m1,2,m1,cross_entropy,direct_cross_entropy,12,20,10,-302.45953728856813,0.5631643417255046,0.560237467288971,-0.002926874436533611,0.002926874436533611
m1,3,m1,cross_entropy,direct_cross_entropy,12,20,10,-294.4345512448196,0.5587729599501392,0.5505093336105347,-0.008263626339604535,0.008263626339604535
m1,4,m1,cross_entropy,direct_cross_entropy,12,20,10,-320.8441246248681,0.7275469393356676,0.7218019366264343,-0.005745002709233282,0.005745002709233282
m1,5,m1,cross_entropy,direct_cross_entropy,12,20,10,-282.8604065115678,0.5448987576025334,0.5415357947349548,-0.003362962867578534,0.003362962867578534
m1,6,m1,cross_entropy,direct_cross_entropy,12,20,10,-301.75651071023725,0.5991896175093492,0.5983977913856506,-0.0007918261236985469,0.0007918261236985469
m1,7,m1,cross_entropy,direct_cross_entropy,12,20,10,-327.8887197358842,0.5956192389635993,0.5904607772827148,-0.0051584616808844075,0.0051584616808844075
m1,8,m1,cross_entropy,direct_cross_entropy,12,20,10,-314.5696388672116,0.5580958750293995,0.5573717355728149,-0.0007241394565845605,0.0007241394565845605
m1,9,m1,cross_entropy,direct_cross_entropy,12,20,10,-307.5215362113585,0.5946640265332204,0.5964483022689819,0.0017842757357615646,0.0017842757357615646
m1,10,m1,cross_entropy,direct_cross_entropy,12,20,10,-308.0196893143909,0.6699074178965371,0.6664150953292847,-0.003492322567252404,0.003492322567252404
m1,11,m1,cross_entropy,direct_cross_entropy,12,20,10,-323.5735033035436,0.6247053684645718,0.6271191835403442,0.0024138150757724297,0.0024138150757724297
m1,12,m1,cross_entropy,direct_cross_entropy,12,20,10,-307.97452741899156,0.49684063630521,0.49305203557014465,-0.0037886007350653728,0.0037886007350653728
m1,13,m1,cross_entropy,direct_cross_entropy,12,20,10,-301.7125081279486,0.39682085580622994,0.39144930243492126,-0.005371553371308679,0.005371553371308679
m1,14,m1,cross_entropy,direct_cross_entropy,12,20,10,-305.84819451017853,0.5166914328630773,0.5052698254585266,-0.011421607404550671,0.011421607404550671
m1,15,m1,cross_entropy,direct_cross_entropy,12,20,10,-294.7844618749709,0.29299544717810627,0.29212090373039246,-0.0008745434477138159,0.0008745434477138159
m1,16,m1,cross_entropy,direct_cross_entropy,12,20,10,-305.1194258153021,0.4047504929346083,0.40242958068847656,-0.0023209122461317344,0.0023209122461317344
m1,17,m1,cross_entropy,direct_cross_entropy,12,20,10,-308.68358677125957,0.48295855240405505,0.485424280166626,0.002465727762570924,0.002465727762570924
m1,18,m1,cross_entropy,direct_cross_entropy,12,20,10,-303.7061906689067,0.7040915182268374,0.69737708568573,-0.0067144325411073735,0.0067144325411073735
m1,19,m1,cross_entropy,direct_cross_entropy,12,20,10,-315.9360661660434,0.5046129080198932,0.5034217834472656,-0.0011911245726275999,0.0011911245726275999
m1,20,m1,cross_entropy,direct_cross_entropy,12,20,10,-305.29759986312064,0.5716007214570047,0.5639170408248901,-0.007683680632114553,0.007683680632114553
m1,21,m1,cross_entropy,direct_cross_entropy,12,20,10,-312.601769832102,0.44429897118685224,0.44560354948043823,0.0013045782935859895,0.0013045782935859895
m1,22,m1,cross_entropy,direct_cross_entropy,12,20,10,-314.3393595992308,0.3673979532290773,0.37092897295951843,0.0035310197304411206,0.0035310197304411206
m1,23,m1,cross_entropy,direct_cross_entropy,12,20,10,-305.21727588944134,0.7090994985542307,0.7107359170913696,0.0016364185371389173,0.0016364185371389173
m1,24,m1,cross_entropy,direct_cross_entropy,12,20,10,-299.4072077726794,0.3621874004526295,0.3645605742931366,0.0023731738405071146,0.0023731738405071146
m1,25,m1,cross_entropy,direct_cross_entropy,12,20,10,-321.84774996615255,0.4344642155067839,0.4285981357097626,-0.005866079797021306,0.005866079797021306
m1,26,m1,cross_entropy,direct_cross_entropy,12,20,10,-314.28693834904976,0.5764975254881047,0.5744218230247498,-0.002075702463354978,0.002075702463354978
m1,27,m1,cross_entropy,direct_cross_entropy,12,20,10,-338.8191753929853,0.6736131904228126,0.6636509895324707,-0.009962200890341943,0.009962200890341943
m1,28,m1,cross_entropy,direct_cross_entropy,12,20,10,-317.6076728990871,0.5404741542044688,0.5396889448165894,-0.0007852093878794042,0.0007852093878794042
m1,29,m1,cross_entropy,direct_cross_entropy,12,20,10,-301.8503274650294,0.4790719747947867,0.47170644998550415,-0.007365524809282542,0.007365524809282542
m2,0,m1,cross_entropy,direct_cross_entropy,12,20,10,-381.6311286635924,9.333250371577624e-34,1.1407751225295374e-19,1.140775122529528e-19,1.140775122529528e-19
m2,1,m1,cross_entropy,direct_cross_entropy,12,20,10,-378.6137127935038,4.195092634830613e-32,1.2142376789652253e-19,1.2142376789648057e-19,1.2142376789648057e-19
m2,2,m1,cross_entropy,direct_cross_entropy,12,20,10,-387.14606519313094,4.960813862438117e-32,2.156972708905526e-18,2.1569727089054763e-18,2.1569727089054763e-18
m2,3,m1,cross_entropy,direct_cross_entropy,12,20,10,-379.31732069493495,1.0575303285731488e-34,3.31993540040315e-19,3.319935400403149e-19,3.319935400403149e-19
m2,4,m1,cross_entropy,direct_cross_entropy,12,20,10,-364.2086238664271,2.772091227705032e-24,3.1656228925774277e-18,3.1656201204862e-18,3.1656201204862e-18
m2,5,m1,cross_entropy,direct_cross_entropy,12,20,10,-372.57202834404876,2.364415895218977e-31,6.461794066066177e-20,6.461794066042532e-20,6.461794066042532e-20
m2,6,m1,cross_entropy,direct_cross_entropy,12,20,10,-382.21853358442837,4.192694528132811e-39,3.461640034257036e-20,3.461640034257036e-20,3.461640034257036e-20
m2,7,m1,cross_entropy,direct_cross_entropy,12,20,10,-397.239724405065,1.4319647230749506e-38,2.508227976689751e-19,2.508227976689751e-19,2.508227976689751e-19
m2,8,m1,cross_entropy,direct_cross_entropy,12,20,10,-406.8028473989473,2.781839294174342e-36,4.2954307892566425e-19,4.2954307892566425e-19,4.2954307892566425e-19
m2,9,m1,cross_entropy,direct_cross_entropy,12,20,10,-395.8784021189926,1.2147732941794738e-37,1.657059772607539e-19,1.657059772607539e-19,1.657059772607539e-19
m2,10,m1,cross_entropy,direct_cross_entropy,12,20,10,-353.75499535660407,4.461484622031407e-28,1.8859151347489432e-18,1.8859151343027946e-18,1.8859151343027946e-18
m2,11,m1,cross_entropy,direct_cross_entropy,12,20,10,-405.6787944821002,5.245915312963343e-40,1.83375634357092e-20,1.83375634357092e-20,1.83375634357092e-20
m2,12,m1,cross_entropy,direct_cross_entropy,12,20,10,-423.0952413979181,3.152160555886735e-42,1.3347847614282381e-20,1.3347847614282381e-20,1.3347847614282381e-20
m2,13,m1,cross_entropy,direct_cross_entropy,12,20,10,-369.5233390428786,1.0802255951786507e-27,1.2351199827760972e-19,1.2351199719738412e-19,1.2351199719738412e-19
m2,14,m1,cross_entropy,direct_cross_entropy,12,20,10,-388.1177294146954,2.7953486958573418e-39,5.368430609802706e-20,5.368430609802706e-20,5.368430609802706e-20
m2,15,m1,cross_entropy,direct_cross_entropy,12,20,10,-397.15467173101837,9.918564028077456e-40,9.991400235458942e-20,9.991400235458942e-20,9.991400235458942e-20
m2,16,m1,cross_entropy,direct_cross_entropy,12,20,10,-364.5558029790129,2.8324310987918713e-28,3.0830570325548347e-18,3.0830570322715916e-18,3.0830570322715916e-18
m2,17,m1,cross_entropy,direct_cross_entropy,12,20,10,-375.1287378603346,8.88698665667207e-32,3.7856753083980693e-19,3.7856753083971805e-19,3.7856753083971805e-19
m2,18,m1,cross_entropy,direct_cross_entropy,12,20,10,-379.153397826761,1.3305538186919377e-35,3.8207702553432215e-19,3.8207702553432215e-19,3.8207702553432215e-19
m2,19,m1,cross_entropy,direct_cross_entropy,12,20,10,-394.7396410022034,6.869550572509719e-34,1.2986976016448058e-19,1.2986976016447988e-19,1.2986976016447988e-19
m2,20,m1,cross_entropy,direct_cross_entropy,12,20,10,-399.1862484777403,9.248037440992861e-39,8.919513102083733e-20,8.919513102083733e-20,8.919513102083733e-20
m2,21,m1,cross_entropy,direct_cross_entropy,12,20,10,-390.3038457216205,6.723019097408194e-40,2.200168597480928e-19,2.200168597480928e-19,2.200168597480928e-19
m2,22,m1,cross_entropy,direct_cross_entropy,12,20,10,-408.468369525762,1.1295664334032053e-31,2.5168924351123024e-19,2.516892435111173e-19,2.516892435111173e-19
m2,23,m1,cross_entropy,direct_cross_entropy,12,20,10,-379.48672954118007,1.2391524316788661e-31,6.433932813577801e-18,6.433932813577677e-18,6.433932813577677e-18
m2,24,m1,cross_entropy,direct_cross_entropy,12,20,10,-377.49418402143147,1.3552499806480015e-34,3.32905377418684e-19,3.3290537741868384e-19,3.3290537741868384e-19
m2,25,m1,cross_entropy,direct_cross_entropy,12,20,10,-393.2474108114978,1.2161259431227443e-39,2.6687510664144462e-20,2.6687510664144462e-20,2.6687510664144462e-20
m2,26,m1,cross_entropy,direct_cross_entropy,12,20,10,-377.4841576758099,1.2006233648917791e-31,3.675296068965052e-19,3.675296068963851e-19,3.675296068963851e-19
m2,27,m1,cross_entropy,direct_cross_entropy,12,20,10,-383.2241544806174,6.044732861012559e-31,9.966015742670309e-19,9.966015742664263e-19,9.966015742664263e-19
m2,28,m1,cross_entropy,direct_cross_entropy,12,20,10,-397.15506212558523,2.546625690083507e-37,3.453358857726129e-19,3.453358857726129e-19,3.453358857726129e-19
m2,29,m1,cross_entropy,direct_cross_entropy,12,20,10,-417.41000167185865,6.897877436609561e-42,1.1694231982638617e-20,1.1694231982638617e-20,1.1694231982638617e-20
m3,0,m1,cross_entropy,direct_cross_entropy,12,20,10,-1030.4834335149533,1.0836858540403106e-225,2.5692178503422903e-34,2.5692178503422903e-34,2.5692178503422903e-34
m3,1,m1,cross_entropy,direct_cross_entropy,12,20,10,-1009.5763936928242,2.2933958790393937e-218,5.97968710048606e-30,5.97968710048606e-30,5.97968710048606e-30
m3,2,m1,cross_entropy,direct_cross_entropy,12,20,10,-1214.598431578066,2.3336599530759907e-296,1.6079695934615635e-29,1.6079695934615635e-29,1.6079695934615635e-29
m3,3,m1,cross_entropy,direct_cross_entropy,12,20,10,-1240.7421482460124,4.0452655384097524e-305,0.0,-4.0452655384097524e-305,4.0452655384097524e-305
m3,4,m1,cross_entropy,direct_cross_entropy,12,20,10,-1023.523931803323,4.360900880805288e-224,5.627338034798923e-26,5.627338034798923e-26,5.627338034798923e-26
m3,5,m1,cross_entropy,direct_cross_entropy,12,20,10,-950.6101009782016,5.953853656232546e-197,4.718274757293651e-26,4.718274757293651e-26,4.718274757293651e-26
m3,6,m1,cross_entropy,direct_cross_entropy,12,20,10,-1088.3048600812342,4.8406752662721685e-248,1.3012866143995105e-26,1.3012866143995105e-26,1.3012866143995105e-26
m3,7,m1,cross_entropy,direct_cross_entropy,12,20,10,-969.1972187626138,2.9400595147195523e-205,4.497484087724058e-28,4.497484087724058e-28,4.497484087724058e-28
m3,8,m1,cross_entropy,direct_cross_entropy,12,20,10,-848.0748492031183,9.200452425488129e-157,8.603582313524886e-17,8.603582313524886e-17,8.603582313524886e-17
m3,9,m1,cross_entropy,direct_cross_entropy,12,20,10,-1223.910646387866,5.279120278626653e-301,0.0,-5.279120278626653e-301,5.279120278626653e-301
m3,10,m1,cross_entropy,direct_cross_entropy,12,20,10,-1022.4937284759441,3.035478096304486e-223,1.8935423971067721e-25,1.8935423971067721e-25,1.8935423971067721e-25
m3,11,m1,cross_entropy,direct_cross_entropy,12,20,10,-1119.472106510109,3.5815628849459182e-261,2.96693056267732e-38,2.96693056267732e-38,2.96693056267732e-38
m3,12,m1,cross_entropy,direct_cross_entropy,12,20,10,-918.7050504652682,1.828132570081217e-184,5.299925506910501e-25,5.299925506910501e-25,5.299925506910501e-25
m3,13,m1,cross_entropy,direct_cross_entropy,12,20,10,-1130.32832455623,2.6566971618472686e-265,1.1132764692682926e-30,1.1132764692682926e-30,1.1132764692682926e-30
m3,14,m1,cross_entropy,direct_cross_entropy,12,20,10,-959.7157477312751,8.380705248000546e-199,1.2408980043213726e-23,1.2408980043213726e-23,1.2408980043213726e-23
m3,15,m1,cross_entropy,direct_cross_entropy,12,20,10,-1019.2635047459689,5.3934661082442245e-220,2.3038421426804795e-25,2.3038421426804795e-25,2.3038421426804795e-25
m3,16,m1,cross_entropy,direct_cross_entropy,12,20,10,-1244.1076356357855,5.5078951602864e-310,1.616088453457156e-27,1.616088453457156e-27,1.616088453457156e-27
m3,17,m1,cross_entropy,direct_cross_entropy,12,20,10,-1061.3546226491364,2.3901259455179832e-237,5.5590138211290395e-28,5.5590138211290395e-28,5.5590138211290395e-28
m3,18,m1,cross_entropy,direct_cross_entropy,12,20,10,-1057.001688563786,7.043590186101456e-238,1.8751373385834337e-36,1.8751373385834337e-36,1.8751373385834337e-36
m3,19,m1,cross_entropy,direct_cross_entropy,12,20,10,-1133.728366726042,1.412824866451205e-267,1.744649862441843e-28,1.744649862441843e-28,1.744649862441843e-28
m3,20,m1,cross_entropy,direct_cross_entropy,12,20,10,-1019.3032371278011,2.44550786701658e-223,4.132038399294094e-28,4.132038399294094e-28,4.132038399294094e-28
m3,21,m1,cross_entropy,direct_cross_entropy,12,20,10,-1110.5551994066998,8.406894925393981e-259,3.2226857063527787e-31,3.2226857063527787e-31,3.2226857063527787e-31
m3,22,m1,cross_entropy,direct_cross_entropy,12,20,10,-1078.8313528595295,3.25821439672408e-245,1.8592026784243905e-30,1.8592026784243905e-30,1.8592026784243905e-30
m3,23,m1,cross_entropy,direct_cross_entropy,12,20,10,-1074.9794203795334,1.0622975351738846e-241,7.192961952591233e-29,7.192961952591233e-29,7.192961952591233e-29
m3,24,m1,cross_entropy,direct_cross_entropy,12,20,10,-929.8017285310489,1.082361014640029e-187,1.1566602990130057e-18,1.1566602990130057e-18,1.1566602990130057e-18
m3,25,m1,cross_entropy,direct_cross_entropy,12,20,10,-872.8273558161596,1.4606178725903985e-165,5.843613402577528e-32,5.843613402577528e-32,5.843613402577528e-32
m3,26,m1,cross_entropy,direct_cross_entropy,12,20,10,-982.5973576140157,9.761721469007705e-209,2.5132818527699495e-29,2.5132818527699495e-29,2.5132818527699495e-29
m3,27,m1,cross_entropy,direct_cross_entropy,12,20,10,-1054.2896864576328,5.5577129877458644e-235,1.5166980878391723e-35,1.5166980878391723e-35,1.5166980878391723e-35
m3,28,m1,cross_entropy,direct_cross_entropy,12,20,10,-1186.7301552588497,3.1560734369193982e-288,0.0,-3.1560734369193982e-288,3.1560734369193982e-288
m3,29,m1,cross_entropy,direct_cross_entropy,12,20,10,-956.0078459538582,4.2109943404017234e-196,6.937316756223442e-25,6.937316756223442e-25,6.937316756223442e-25
m4,0,m1,cross_entropy,direct_cross_entropy,12,20,10,-297.21320498912536,0.4284751792088071,0.4275963604450226,-0.000878818763784539,0.000878818763784539
m4,1,m1,cross_entropy,direct_cross_entropy,12,20,10,-309.25123272674466,0.3934935424378439,0.3871040344238281,-0.006389508014015777,0.006389508014015777
m4,2,m1,cross_entropy,direct_cross_entropy,12,20,10,-309.6846712836539,0.38537019679130696,0.3765382766723633,-0.008831920118943681,0.008831920118943681
m4,3,m1,cross_entropy,direct_cross_entropy,12,20,10,-318.6612395862317,0.7073705503417441,0.7153204083442688,0.007949858002524679,0.007949858002524679
m4,4,m1,cross_entropy,direct_cross_entropy,12,20,10,-309.1705372051437,0.6240445576962159,0.6216499209403992,-0.002394636755816748,0.002394636755816748
m4,5,m1,cross_entropy,direct_cross_entropy,12,20,10,-315.0291234999899,0.31474652985359264,0.3073329031467438,-0.007413626706848864,0.007413626706848864
m4,6,m1,cross_entropy,direct_cross_entropy,12,20,10,-318.8437203264935,0.6245859803864228,0.6206523180007935,-0.003933662385629311,0.003933662385629311
m4,7,m1,cross_entropy,direct_cross_entropy,12,20,10,-294.26026590545104,0.5240354234740091,0.5128565430641174,-0.011178880409891678,0.011178880409891678
m4,8,m1,cross_entropy,direct_cross_entropy,12,20,10,-314.03132750814126,0.6745458734323354,0.6674105525016785,-0.007135320930656941,0.007135320930656941
m4,9,m1,cross_entropy,direct_cross_entropy,12,20,10,-310.5811571872712,0.5175578504499854,0.5104482173919678,-0.007109633058017595,0.007109633058017595
m4,10,m1,cross_entropy,direct_cross_entropy,12,20,10,-310.0170469463669,0.39000795606040767,0.3923048973083496,0.0022969412479419415,0.0022969412479419415
m4,11,m1,cross_entropy,direct_cross_entropy,12,20,10,-298.40989784065295,0.5438568407870125,0.545413613319397,0.0015567725323845094,0.0015567725323845094
m4,12,m1,cross_entropy,direct_cross_entropy,12,20,10,-325.17071786732885,0.45430830862021737,0.45122599601745605,-0.003082312602761317,0.003082312602761317
m4,13,m1,cross_entropy,direct_cross_entropy,12,20,10,-304.0972188805227,0.452211031313202,0.45029139518737793,-0.0019196361258240757,0.0019196361258240757
m4,14,m1,cross_entropy,direct_cross_entropy,12,20,10,-294.4072164813306,0.44089187922763196,0.4424883723258972,0.0015964930982652614,0.0015964930982652614
m4,15,m1,cross_entropy,direct_cross_entropy,12,20,10,-314.0230045385151,0.5918605737774516,0.5946670770645142,0.002806503287062556,0.002806503287062556
m4,16,m1,cross_entropy,direct_cross_entropy,12,20,10,-294.2374524803239,0.39117346444386625,0.38580507040023804,-0.005368394043628211,0.005368394043628211
m4,17,m1,cross_entropy,direct_cross_entropy,12,20,10,-311.3229884737446,0.503492786750541,0.5075806379318237,0.004087851181282742,0.004087851181282742
m4,18,m1,cross_entropy,direct_cross_entropy,12,20,10,-310.2313205481521,0.4813131680701756,0.4701867699623108,-0.01112639810786481,0.01112639810786481
m4,19,m1,cross_entropy,direct_cross_entropy,12,20,10,-312.7579255719267,0.4446809255508675,0.4402211010456085,-0.004459824505259002,0.004459824505259002
m4,20,m1,cross_entropy,direct_cross_entropy,12,20,10,-336.4502068271459,0.5788106639594128,0.5831731557846069,0.004362491825194104,0.004362491825194104
m4,21,m1,cross_entropy,direct_cross_entropy,12,20,10,-305.9030934274508,0.5308801384507652,0.5279111266136169,-0.002969011837148261,0.002969011837148261
m4,22,m1,cross_entropy,direct_cross_entropy,12,20,10,-302.85176446119414,0.52281250317823,0.525371253490448,0.0025587503122179722,0.0025587503122179722
m4,23,m1,cross_entropy,direct_cross_entropy,12,20,10,-308.1969591995402,0.4599940249732619,0.4595460295677185,-0.000447995405543411,0.000447995405543411
m4,24,m1,cross_entropy,direct_cross_entropy,12,20,10,-325.4330175014333,0.6602464427987621,0.6547364592552185,-0.005509983543543595,0.005509983543543595
m4,25,m1,cross_entropy,direct_cross_entropy,12,20,10,-326.72012304169243,0.48256113808911144,0.4801875948905945,-0.0023735431985169586,0.0023735431985169586
m4,26,m1,cross_entropy,direct_cross_entropy,12,20,10,-290.21595025994105,0.47305772011636765,0.4708612263202667,-0.002196493796100929,0.002196493796100929
m4,27,m1,cross_entropy,direct_cross_entropy,12,20,10,-324.1514642152962,0.2721481066100129,0.2854141891002655,0.013266082490252629,0.013266082490252629
m4,28,m1,cross_entropy,direct_cross_entropy,12,20,10,-308.1703535288985,0.5197349920389197,0.518937349319458,-0.0007976427194616997,0.0007976427194616997
m4,29,m1,cross_entropy,direct_cross_entropy,12,20,10,-313.53656644004985,0.4560957364878102,0.45161041617393494,-0.004485320313875274,0.004485320313875274
m1,0,m2,cross_entropy,direct_cross_entropy,12,20,10,-420.5432672789848,1.2485060077788418e-40,2.2097545127053309e-07,2.2097545127053309e-07,2.2097545127053309e-07
m1,1,m2,cross_entropy,direct_cross_entropy,12,20,10,-377.5709740065813,1.5249817712512552e-34,7.131554298211995e-07,7.131554298211995e-07,7.131554298211995e-07
m1,2,m2,cross_entropy,direct_cross_entropy,12,20,10,-389.17087936345683,1.2370229782731283e-38,4.3897739487874787e-07,4.3897739487874787e-07,4.3897739487874787e-07
m1,3,m2,cross_entropy,direct_cross_entropy,12,20,10,-380.6109702468642,2.0955215860262017e-38,2.5657490709818376e-07,2.5657490709818376e-07,2.5657490709818376e-07
m1,4,m2,cross_entropy,direct_cross_entropy,12,20,10,-429.40139892272225,5.2003888688668473e-48,3.686217908693834e-08,3.686217908693834e-08,3.686217908693834e-08
m1,5,m2,cross_entropy,direct_cross_entropy,12,20,10,-367.35371879978595,1.0998577850403086e-37,2.088738142447255e-07,2.088738142447255e-07,2.088738142447255e-07
m1,6,m2,cross_entropy,direct_cross_entropy,12,20,10,-392.9101093295227,1.5490284474267427e-40,1.9346168755873805e-07,1.9346168755873805e-07,1.9346168755873805e-07
m1,7,m2,cross_entropy,direct_cross_entropy,12,20,10,-418.5969695323987,2.4036784377063557e-40,7.667297836633225e-07,7.667297836633225e-07,7.667297836633225e-07
m1,8,m2,cross_entropy,direct_cross_entropy,12,20,10,-400.66368255672546,2.272692681806711e-38,2.803174936616415e-07,2.803174936616415e-07,2.803174936616415e-07
m1,9,m2,cross_entropy,direct_cross_entropy,12,20,10,-398.11085422582335,2.70290470416118e-40,3.797960914653231e-07,3.797960914653231e-07,3.797960914653231e-07
m1,10,m2,cross_entropy,direct_cross_entropy,12,20,10,-408.3435890148325,1.8025974146536388e-44,3.9911139282367e-08,3.9911139282367e-08,3.9911139282367e-08
m1,11,m2,cross_entropy,direct_cross_entropy,12,20,10,-417.9514741910771,6.424558210240811e-42,1.0220317392395373e-07,1.0220317392395373e-07,1.0220317392395373e-07
m1,12,m2,cross_entropy,direct_cross_entropy,12,20,10,-386.68630782073797,3.251810432647594e-35,9.196005521516781e-07,9.196005521516781e-07,9.196005521516781e-07
m1,13,m2,cross_entropy,direct_cross_entropy,12,20,10,-368.24153801499546,5.074624630797057e-30,3.3640642982391e-07,3.3640642982391e-07,3.3640642982391e-07
m1,14,m2,cross_entropy,direct_cross_entropy,12,20,10,-386.942820090372,3.120921601438067e-36,7.812608942003862e-07,7.812608942003862e-07,7.812608942003862e-07
m1,15,m2,cross_entropy,direct_cross_entropy,12,20,10,-347.44896990820956,3.935098801306795e-24,7.661925849333784e-08,7.661925849333784e-08,7.661925849333784e-08
m1,16,m2,cross_entropy,direct_cross_entropy,12,20,10,-372.6390395015578,1.92216976712219e-30,5.267739311420883e-07,5.267739311420883e-07,5.267739311420883e-07
m1,17,m2,cross_entropy,direct_cross_entropy,12,20,10,-385.72872975465356,1.6735142162664673e-34,5.375609930524661e-07,5.375609930524661e-07,5.375609930524661e-07
m1,18,m2,cross_entropy,direct_cross_entropy,12,20,10,-408.80284341597695,1.6022591416024149e-46,3.698772488291979e-08,3.698772488291979e-08,3.698772488291979e-08
m1,19,m2,cross_entropy,direct_cross_entropy,12,20,10,-395.5805399253744,1.2995796071523544e-35,1.406237288392731e-06,1.406237288392731e-06,1.406237288392731e-06
m1,20,m2,cross_entropy,direct_cross_entropy,12,20,10,-393.0400605658428,4.477403727337957e-39,5.689167892342084e-07,5.689167892342084e-07,5.689167892342084e-07
m1,21,m2,cross_entropy,direct_cross_entropy,12,20,10,-384.9806968037276,1.6364649868018805e-32,1.1911055253222003e-06,1.1911055253222003e-06,1.1911055253222003e-06
m1,22,m2,cross_entropy,direct_cross_entropy,12,20,10,-377.12839035360355,1.977912849425764e-28,7.181677688095078e-07,7.181677688095078e-07,7.181677688095078e-07
m1,23,m2,cross_entropy,direct_cross_entropy,12,20,10,-411.038621896698,7.8177277058524e-47,8.44278780220975e-09,8.44278780220975e-09,8.44278780220975e-09
m1,24,m2,cross_entropy,direct_cross_entropy,12,20,10,-361.52163435168814,3.8280766791884617e-28,1.6788833079317556e-07,1.6788833079317556e-07,1.6788833079317556e-07
m1,25,m2,cross_entropy,direct_cross_entropy,12,20,10,-393.02885937224016,5.301404970418946e-32,6.542441042256542e-07,6.542441042256542e-07,6.542441042256542e-07
m1,26,m2,cross_entropy,direct_cross_entropy,12,20,10,-402.6301981495554,2.4763224948836865e-39,4.941356905874272e-07,4.941356905874272e-07,4.941356905874272e-07
m1,27,m2,cross_entropy,direct_cross_entropy,12,20,10,-439.6472695122715,1.0947770532360615e-44,5.284615554046468e-07,5.284615554046468e-07,5.284615554046468e-07
m1,28,m2,cross_entropy,direct_cross_entropy,12,20,10,-401.5661308828894,1.8624298304265124e-37,3.0762572578169056e-07,3.0762572578169056e-07,3.0762572578169056e-07
m1,29,m2,cross_entropy,direct_cross_entropy,12,20,10,-378.42840541124207,2.648281087361935e-34,2.3672880899994198e-07,2.3672880899994198e-07,2.3672880899994198e-07
m2,0,m2,cross_entropy,direct_cross_entropy,12,20,10,-305.5768188345029,1.0,1.0,0.0,0.0
m2,1,m2,cross_entropy,direct_cross_entropy,12,20,10,-306.3649052395701,1.0,1.0,0.0,0.0
m2,2,m2,cross_entropy,direct_cross_entropy,12,20,10,-315.0649120297668,1.0,1.0,0.0,0.0
m2,3,m2,cross_entropy,direct_cross_entropy,12,20,10,-301.08536384416624,1.0,1.0,0.0,0.0
m2,4,m2,cross_entropy,direct_cross_entropy,12,20,10,-309.96618362578363,1.0,1.0,0.0,0.0
m2,5,m2,cross_entropy,direct_cross_entropy,12,20,10,-302.0524214739072,1.0,1.0,0.0,0.0
m2,6,m2,cross_entropy,direct_cross_entropy,12,20,10,-293.851058570377,1.0,1.0,0.0,0.0
m2,7,m2,cross_entropy,direct_cross_entropy,12,20,10,-310.10053830480206,1.0,1.0,0.0,0.0
m2,8,m2,cross_entropy,direct_cross_entropy,12,20,10,-324.9328963767019,1.0,1.0,0.0,0.0
m2,9,m2,cross_entropy,direct_cross_entropy,12,20,10,-310.8773111484428,1.0,1.0,0.0,0.0
m2,10,m2,cross_entropy,direct_cross_entropy,12,20,10,-290.77809433830714,1.0,1.0,0.0,0.0
m2,11,m2,cross_entropy,direct_cross_entropy,12,20,10,-315.2328405004891,1.0,1.0,0.0,0.0
m2,12,m2,cross_entropy,direct_cross_entropy,12,20,10,-327.5347556006478,1.0,1.0,0.0,0.0
m2,13,m2,cross_entropy,direct_cross_entropy,12,20,10,-307.43071143578686,1.0,1.0,0.0,0.0
m2,14,m2,cross_entropy,direct_cross_entropy,12,20,10,-299.34486764376834,1.0,1.0,0.0,0.0
m2,15,m2,cross_entropy,direct_cross_entropy,12,20,10,-307.34567616684114,1.0,1.0,0.0,0.0
m2,16,m2,cross_entropy,direct_cross_entropy,12,20,10,-301.12455576357587,1.0,1.0,0.0,0.0
m2,17,m2,cross_entropy,direct_cross_entropy,12,20,10,-303.6306029178369,1.0,1.0,0.0,0.0
m2,18,m2,cross_entropy,direct_cross_entropy,12,20,10,-298.8485148325621,1.0,1.0,0.0,0.0
m2,19,m2,cross_entropy,direct_cross_entropy,12,20,10,-318.37884652565157,1.0,1.0,0.0,0.0
m2,20,m2,cross_entropy,direct_cross_entropy,12,20,10,-311.60984121144463,1.0,1.0,0.0,0.0
m2,21,m2,cross_entropy,direct_cross_entropy,12,20,10,-300.10597932594965,1.0,1.0,0.0,0.0
m2,22,m2,cross_entropy,direct_cross_entropy,12,20,10,-337.21006551479024,1.0,1.0,0.0,0.0
m2,23,m2,cross_entropy,direct_cross_entropy,12,20,10,-308.32101928143373,1.0,1.0,0.0,0.0
m2,24,m2,cross_entropy,direct_cross_entropy,12,20,10,-299.51027678451294,1.0,1.0,0.0,0.0
m2,25,m2,cross_entropy,direct_cross_entropy,12,20,10,-303.6422625345578,1.0,1.0,0.0,0.0
m2,26,m2,cross_entropy,direct_cross_entropy,12,20,10,-306.2868606856534,1.0,1.0,0.0,0.0
m2,27,m2,cross_entropy,direct_cross_entropy,12,20,10,-313.64320388916565,1.0,1.0,0.0,0.0
m2,28,m2,cross_entropy,direct_cross_entropy,12,20,10,-312.89418290890507,1.0,1.0,0.0,0.0
m2,29,m2,cross_entropy,direct_cross_entropy,12,20,10,-322.6326415125052,1.0,1.0,0.0,0.0
m3,0,m2,cross_entropy,direct_cross_entropy,12,20,10,-1116.195085250364,6.46853631722346e-263,1.5638789157490848e-17,1.5638789157490848e-17,1.5638789157490848e-17
m3,1,m2,cross_entropy,direct_cross_entropy,12,20,10,-1095.0049039023745,1.8169728861245268e-255,1.3338719099522875e-15,1.3338719099522875e-15,1.3338719099522875e-15
m3,2,m2,cross_entropy,direct_cross_entropy,12,20,10,-1304.8674252650978,0.0,2.0969626215842658e-15,2.0969626215842658e-15,2.0969626215842658e-15
m3,3,m2,cross_entropy,direct_cross_entropy,12,20,10,-1294.0206346557468,0.0,7.543968470711286e-22,7.543968470711286e-22,7.543968470711286e-22
m3,4,m2,cross_entropy,direct_cross_entropy,12,20,10,-1126.9763936601703,5.137394210292494e-269,1.303493717044052e-13,1.303493717044052e-13,1.303493717044052e-13
m3,5,m2,cross_entropy,direct_cross_entropy,12,20,10,-1043.203844134719,3.6462500155646004e-237,1.0921900319912914e-14,1.0921900319912914e-14,1.0921900319912914e-14
m3,6,m2,cross_entropy,direct_cross_entropy,12,20,10,-1213.079689880183,3.132462547312385e-302,4.456649350774444e-13,4.456649350774444e-13,4.456649350774444e-13
m3,7,m2,cross_entropy,direct_cross_entropy,12,20,10,-1051.1329372833286,7.658182249269406e-241,6.15335554862359e-15,6.15335554862359e-15,6.15335554862359e-15
m3,8,m2,cross_entropy,direct_cross_entropy,12,20,10,-898.3670174944559,1.3249454927789902e-178,1.8606050034009058e-10,1.8606050034009058e-10,1.8606050034009058e-10
m3,9,m2,cross_entropy,direct_cross_entropy,12,20,10,-1299.8957182865288,0.0,6.596198036347361e-23,6.596198036347361e-23,6.596198036347361e-23
m3,10,m2,cross_entropy,direct_cross_entropy,12,20,10,-1106.7007361561814,8.158086959563813e-260,1.2419253993256607e-12,1.2419253993256607e-12,1.2419253993256607e-12
m3,11,m2,cross_entropy,direct_cross_entropy,12,20,10,-1208.2760409287582,9.705410109805044e-300,2.8381843130530155e-20,2.8381843130530155e-20,2.8381843130530155e-20
m3,12,m2,cross_entropy,direct_cross_entropy,12,20,10,-996.044778438684,4.718354805642368e-218,7.461657566777344e-14,7.461657566777344e-14,7.461657566777344e-14
m3,13,m2,cross_entropy,direct_cross_entropy,12,20,10,-1212.6243633704003,4.826435562383461e-301,4.1132388433767775e-16,4.1132388433767775e-16,4.1132388433767775e-16
m3,14,m2,cross_entropy,direct_cross_entropy,12,20,10,-1038.5426392558797,4.8887356248022825e-233,6.166873652360683e-13,6.166873652360683e-13,6.166873652360683e-13
m3,15,m2,cross_entropy,direct_cross_entropy,12,20,10,-1097.3724139696303,6.450593739036168e-254,1.3889624585032567e-13,1.3889624585032567e-13,1.3889624585032567e-13
m3,16,m2,cross_entropy,direct_cross_entropy,12,20,10,-1354.9256665654607,0.0,1.2853253346638976e-13,1.2853253346638976e-13,1.2853253346638976e-13
m3,17,m2,cross_entropy,direct_cross_entropy,12,20,10,-1118.93164578718,2.360681263210389e-262,3.2317003890655616e-14,3.2317003890655616e-14,3.2317003890655616e-14
m3,18,m2,cross_entropy,direct_cross_entropy,12,20,10,-1134.1974752124904,2.09937447203043e-271,5.388311378837535e-20,5.388311378837535e-20,5.388311378837535e-20
m3,19,m2,cross_entropy,direct_cross_entropy,12,20,10,-1208.1263376652812,6.90971423129422e-300,5.042951191185086e-13,5.042951191185086e-13,5.042951191185086e-13
m3,20,m2,cross_entropy,direct_cross_entropy,12,20,10,-1089.9711520077435,4.985211455159725e-254,2.1813946540083376e-15,2.1813946540083376e-15,2.1813946540083376e-15
m3,21,m2,cross_entropy,direct_cross_entropy,12,20,10,-1187.658508564004,2.748488447500121e-292,9.545338690572838e-17,9.545338690572838e-17,9.545338690572838e-17
m3,22,m2,cross_entropy,direct_cross_entropy,12,20,10,-1164.75814063709,1.5683748839000106e-282,1.6375430471251423e-14,1.6375430471251423e-14,1.6375430471251423e-14
m3,23,m2,cross_entropy,direct_cross_entropy,12,20,10,-1175.47664982269,2.4035545330474968e-285,2.9564581763497555e-15,2.9564581763497555e-15,2.9564581763497555e-15
m3,24,m2,cross_entropy,direct_cross_entropy,12,20,10,-1017.0616631566546,1.3736118916857758e-225,1.925269943470198e-10,1.925269943470198e-10,1.925269943470198e-10
m3,25,m2,cross_entropy,direct_cross_entropy,12,20,10,-963.8453310743039,4.32446316170362e-205,3.333377726422111e-17,3.333377726422111e-17,3.333377726422111e-17
m3,26,m2,cross_entropy,direct_cross_entropy,12,20,10,-1060.4010529985953,1.5842030116762958e-242,2.87273214588722e-15,2.87273214588722e-15,2.87273214588722e-15
m3,27,m2,cross_entropy,direct_cross_entropy,12,20,10,-1161.8408459587192,1.0864782120123772e-281,4.665668301135311e-20,4.665668301135311e-20,4.665668301135311e-20
m3,28,m2,cross_entropy,direct_cross_entropy,12,20,10,-1287.667675893502,0.0,4.097065357808318e-22,4.097065357808318e-22,4.097065357808318e-22
m3,29,m2,cross_entropy,direct_cross_entropy,12,20,10,-1012.6006607972282,1.1128521159094626e-220,9.932333750492343e-15,9.932333750492343e-15,9.932333750492343e-15
m4,0,m2,cross_entropy,direct_cross_entropy,12,20,10,-367.6618610284052,1.0875847109570605e-31,6.801242875553726e-07,6.801242875553726e-07,6.801242875553726e-07
m4,1,m2,cross_entropy,direct_cross_entropy,12,20,10,-375.36262026444655,7.640588509743303e-30,6.829108087913482e-07,6.829108087913482e-07,6.829108087913482e-07
m4,2,m2,cross_entropy,direct_cross_entropy,12,20,10,-374.7711088297532,2.0854388112702326e-29,4.460627067714995e-08,4.460627067714995e-08,4.460627067714995e-08
m4,3,m2,cross_entropy,direct_cross_entropy,12,20,10,-424.23157407787835,1.0023819845875523e-46,6.016733777869376e-09,6.016733777869376e-09,6.016733777869376e-09
m4,4,m2,cross_entropy,direct_cross_entropy,12,20,10,-403.4639805118961,6.983827314791475e-42,1.3136018139903172e-07,1.3136018139903172e-07,1.3136018139903172e-07
m4,5,m2,cross_entropy,direct_cross_entropy,12,20,10,-370.77939804730465,1.9316318162498674e-25,3.644109369815851e-07,3.644109369815851e-07,3.644109369815851e-07
m4,6,m2,cross_entropy,direct_cross_entropy,12,20,10,-413.20641530523505,6.522205899588818e-42,2.1860326171463385e-07,2.1860326171463385e-07,2.1860326171463385e-07
m4,7,m2,cross_entropy,direct_cross_entropy,12,20,10,-376.23765054695764,1.30928699626862e-36,2.1435363350974512e-07,2.1435363350974512e-07,2.1435363350974512e-07
m4,8,m2,cross_entropy,direct_cross_entropy,12,20,10,-414.9867815442882,9.651946008739326e-45,5.704729346689419e-07,5.704729346689419e-07,5.704729346689419e-07
m4,9,m2,cross_entropy,direct_cross_entropy,12,20,10,-391.77987500564996,2.817110058766035e-36,4.1358049429618404e-07,4.1358049429618404e-07,4.1358049429618404e-07
m4,10,m2,cross_entropy,direct_cross_entropy,12,20,10,-375.689592778583,1.1744896639554476e-29,2.3185735642528016e-07,2.3185735642528016e-07,2.3185735642528016e-07
m4,11,m2,cross_entropy,direct_cross_entropy,12,20,10,-382.7771873121275,1.2451920091325262e-37,3.548860547653021e-07,3.548860547653021e-07,3.548860547653021e-07
m4,12,m2,cross_entropy,direct_cross_entropy,12,20,10,-398.7632843476739,4.971702669699315e-33,6.188510610627418e-07,6.188510610627418e-07,6.188510610627418e-07
m4,13,m2,cross_entropy,direct_cross_entropy,12,20,10,-377.4358930265057,6.379103678033525e-33,3.8701202242918953e-07,3.8701202242918953e-07,3.8701202242918953e-07
m4,14,m2,cross_entropy,direct_cross_entropy,12,20,10,-366.3718295997886,2.4575237860069488e-32,3.631587617292098e-07,3.631587617292098e-07,3.631587617292098e-07
m4,15,m2,cross_entropy,direct_cross_entropy,12,20,10,-404.2637809167989,3.81195870323272e-40,6.356772814797296e-07,6.356772814797296e-07,6.356772814797296e-07
m4,16,m2,cross_entropy,direct_cross_entropy,12,20,10,-360.0568929441397,1.0170670648659378e-29,4.6510234597008093e-07,4.6510234597008093e-07,4.6510234597008093e-07
m4,17,m2,cross_entropy,direct_cross_entropy,12,20,10,-390.8330387925912,1.4832595175219561e-35,1.2638602129300125e-06,1.2638602129300125e-06,1.2638602129300125e-06
m4,18,m2,cross_entropy,direct_cross_entropy,12,20,10,-387.0787648678456,2.032388491975006e-34,8.963003210737952e-07,8.963003210737952e-07,8.963003210737952e-07
m4,19,m2,cross_entropy,direct_cross_entropy,12,20,10,-385.18325905131303,1.5636005726747075e-32,4.909944664177601e-07,4.909944664177601e-07,4.909944664177601e-07
m4,20,m2,cross_entropy,direct_cross_entropy,12,20,10,-425.07790462645505,1.8707528946919884e-39,2.2651171605048148e-07,2.2651171605048148e-07,2.2651171605048148e-07
m4,21,m2,cross_entropy,direct_cross_entropy,12,20,10,-388.7043414283811,5.819308432570456e-37,2.4070868676062673e-07,2.4070868676062673e-07,2.4070868676062673e-07
m4,22,m2,cross_entropy,direct_cross_entropy,12,20,10,-384.68207580733275,1.513189416940767e-36,4.5556581085293146e-07,4.5556581085293146e-07,4.5556581085293146e-07
m4,23,m2,cross_entropy,direct_cross_entropy,12,20,10,-382.4768671659125,2.531617239597131e-33,4.932551291858545e-07,4.932551291858545e-07,4.932551291858545e-07
m4,24,m2,cross_entropy,direct_cross_entropy,12,20,10,-424.4557058065334,6.526779727305624e-44,6.251330830764346e-08,6.251330830764346e-08,6.251330830764346e-08
m4,25,m2,cross_entropy,direct_cross_entropy,12,20,10,-403.7175195393674,1.7539125039061453e-34,1.6109512444018037e-06,1.6109512444018037e-06,1.6109512444018037e-06
m4,26,m2,cross_entropy,direct_cross_entropy,12,20,10,-366.070651176425,5.390587500522721e-34,3.4973095353052486e-07,3.4973095353052486e-07,3.4973095353052486e-07
m4,27,m2,cross_entropy,direct_cross_entropy,12,20,10,-373.72983860660025,8.00185905274805e-23,1.7120956385952013e-07,1.7120956385952005e-07,1.7120956385952005e-07
m4,28,m2,cross_entropy,direct_cross_entropy,12,20,10,-389.63069260497065,2.17774087522421e-36,2.156192977054161e-06,2.156192977054161e-06,2.156192977054161e-06
m4,29,m2,cross_entropy,direct_cross_entropy,12,20,10,-387.34536025312144,4.020722901332535e-33,4.2865107729994634e-07,4.2865107729994634e-07,4.2865107729994634e-07
m1,0,m3,cross_entropy,direct_cross_entropy,12,20,10,-430.11432124271886,8.704317300060278e-45,2.163219960493734e-06,2.163219960493734e-06,2.163219960493734e-06
m1,1,m3,cross_entropy,direct_cross_entropy,12,20,10,-426.7106216395008,6.9532339622536265e-56,3.0046676329220645e-06,3.0046676329220645e-06,3.0046676329220645e-06
m1,2,m3,cross_entropy,direct_cross_entropy,12,20,10,-423.6779222091161,1.276907601213767e-53,2.28507860811078e-06,2.28507860811078e-06,2.28507860811078e-06
m1,3,m3,cross_entropy,direct_cross_entropy,12,20,10,-425.3197063461603,8.02665798403523e-58,1.6805930727059604e-06,1.6805930727059604e-06,1.6805930727059604e-06
m1,4,m3,cross_entropy,direct_cross_entropy,12,20,10,-428.4066313625392,1.4062349327927578e-47,5.683708081960503e-07,5.683708081960503e-07,5.683708081960503e-07
m1,5,m3,cross_entropy,direct_cross_entropy,12,20,10,-421.33446293965807,3.9609305185866444e-61,1.2570865237648832e-06,1.2570865237648832e-06,1.2570865237648832e-06
m1,6,m3,cross_entropy,direct_cross_entropy,12,20,10,-427.1197181933813,2.152856268285044e-55,1.3749510117122554e-06,1.3749510117122554e-06,1.3749510117122554e-06
m1,7,m3,cross_entropy,direct_cross_entropy,12,20,10,-427.8728616556889,2.251166429637072e-44,4.4796224756282754e-06,4.4796224756282754e-06,4.4796224756282754e-06
m1,8,m3,cross_entropy,direct_cross_entropy,12,20,10,-427.68969352914644,4.161915709886475e-50,2.2651468043477507e-06,2.2651468043477507e-06,2.2651468043477507e-06
m1,9,m3,cross_entropy,direct_cross_entropy,12,20,10,-427.1810471865127,6.409237180980659e-53,3.0262101518019335e-06,3.0262101518019335e-06,3.0262101518019335e-06
m1,10,m3,cross_entropy,direct_cross_entropy,12,20,10,-425.7614127244242,4.9139871900490106e-52,5.265741833682114e-07,5.265741833682114e-07,5.265741833682114e-07
m1,11,m3,cross_entropy,direct_cross_entropy,12,20,10,-430.5946642583105,2.0747968911362503e-47,1.1872776894961135e-06,1.1872776894961135e-06,1.1872776894961135e-06
m1,12,m3,cross_entropy,direct_cross_entropy,12,20,10,-425.8404184518912,3.218926269236002e-52,4.03512922275695e-06,4.03512922275695e-06,4.03512922275695e-06
m1,13,m3,cross_entropy,direct_cross_entropy,12,20,10,-424.9439437948837,1.2018824185065991e-54,1.8986593204317614e-06,1.8986593204317614e-06,1.8986593204317614e-06
m1,14,m3,cross_entropy,direct_cross_entropy,12,20,10,-425.91573042972846,3.70307881138381e-53,3.100239382547443e-06,3.100239382547443e-06,3.100239382547443e-06
m1,15,m3,cross_entropy,direct_cross_entropy,12,20,10,-425.7085381045026,4.048153921692665e-58,4.272627620593994e-07,4.272627620593994e-07,4.272627620593994e-07
m1,16,m3,cross_entropy,direct_cross_entropy,12,20,10,-426.8398859800834,5.554733173398477e-54,2.256132120237453e-06,2.256132120237453e-06,2.256132120237453e-06
m1,17,m3,cross_entropy,direct_cross_entropy,12,20,10,-426.21261876217386,4.3822767835867535e-52,2.610387355161947e-06,2.610387355161947e-06,2.610387355161947e-06
m1,18,m3,cross_entropy,direct_cross_entropy,12,20,10,-425.3886137379035,1.0037469281453218e-53,6.714550977449107e-07,6.714550977449107e-07,6.714550977449107e-07
m1,19,m3,cross_entropy,direct_cross_entropy,12,20,10,-429.2706100393234,3.036626253194749e-50,5.265060281089973e-06,5.265060281089973e-06,5.265060281089973e-06
m1,20,m3,cross_entropy,direct_cross_entropy,12,20,10,-426.930436017623,8.562946056489214e-54,3.6831247598456684e-06,3.6831247598456684e-06,3.6831247598456684e-06
m1,21,m3,cross_entropy,direct_cross_entropy,12,20,10,-427.19101333415824,7.624285826548937e-51,4.4873086153529584e-06,4.4873086153529584e-06,4.4873086153529584e-06
m1,22,m3,cross_entropy,direct_cross_entropy,12,20,10,-429.5330867744334,3.444583131480357e-51,2.5309418560937047e-06,2.5309418560937047e-06,2.5309418560937047e-06
m1,23,m3,cross_entropy,direct_cross_entropy,12,20,10,-424.5302231728049,1.0808179617834188e-52,1.924630765870461e-07,1.924630765870461e-07,1.924630765870461e-07
m1,24,m3,cross_entropy,direct_cross_entropy,12,20,10,-427.0865247914921,1.2838388209784484e-56,1.0942704875560594e-06,1.0942704875560594e-06,1.0942704875560594e-06
m1,25,m3,cross_entropy,direct_cross_entropy,12,20,10,-428.36379099468417,2.3912509681716664e-47,2.3250070171343395e-06,2.3250070171343395e-06,2.3250070171343395e-06
m1,26,m3,cross_entropy,direct_cross_entropy,12,20,10,-428.51884500409113,1.414199664677713e-50,3.1094464247871656e-06,3.1094464247871656e-06,3.1094464247871656e-06
m1,27,m3,cross_entropy,direct_cross_entropy,12,20,10,-432.94849240612814,8.883162742984227e-42,5.799961854791036e-06,5.799961854791036e-06,5.799961854791036e-06
m1,28,m3,cross_entropy,direct_cross_entropy,12,20,10,-426.09673085115355,4.135954144783299e-48,1.609527089385665e-06,1.609527089385665e-06,1.609527089385665e-06
m1,29,m3,cross_entropy,direct_cross_entropy,12,20,10,-426.73753102232956,2.7706227794222157e-55,1.0231655096504255e-06,1.0231655096504255e-06,1.0231655096504255e-06
m2,0,m3,cross_entropy,direct_cross_entropy,12,20,10,-471.25230205993665,1.116996593211559e-72,1.2924781037093602e-11,1.2924781037093602e-11,1.2924781037093602e-11
m2,1,m3,cross_entropy,direct_cross_entropy,12,20,10,-468.3523021369397,4.464444101383266e-71,1.152700157547315e-11,1.152700157547315e-11,1.152700157547315e-11
m2,2,m3,cross_entropy,direct_cross_entropy,12,20,10,-467.70007588436766,5.145061774915272e-67,3.347315480350943e-11,3.347315480350943e-11,3.347315480350943e-11
m2,3,m3,cross_entropy,direct_cross_entropy,12,20,10,-471.2784170640703,1.2192594444047281e-74,1.4943360784891446e-11,1.4943360784891446e-11,1.4943360784891446e-11
m2,4,m3,cross_entropy,direct_cross_entropy,12,20,10,-457.7880151725625,6.335694886634733e-65,4.424047239659501e-11,4.424047239659501e-11,4.424047239659501e-11
m2,5,m3,cross_entropy,direct_cross_entropy,12,20,10,-466.9280984985884,2.485439912117236e-72,1.0164901038944851e-11,1.0164901038944851e-11,1.0164901038944851e-11
m2,6,m3,cross_entropy,direct_cross_entropy,12,20,10,-477.40334190771307,1.924226564231103e-80,4.806269097989979e-12,4.806269097989979e-12,4.806269097989979e-12
m2,7,m3,cross_entropy,direct_cross_entropy,12,20,10,-475.12385885572195,2.144284959628808e-72,1.2503780996708791e-11,1.2503780996708791e-11,1.2503780996708791e-11
m2,8,m3,cross_entropy,direct_cross_entropy,12,20,10,-475.50825071242457,4.0360310748696135e-66,1.4408985289648957e-11,1.4408985289648957e-11,1.4408985289648957e-11
m2,9,m3,cross_entropy,direct_cross_entropy,12,20,10,-478.2773649515464,1.9910417325532637e-73,1.447065123977298e-11,1.447065123977298e-11,1.447065123977298e-11
m2,10,m3,cross_entropy,direct_cross_entropy,12,20,10,-461.4121618805909,7.844513986589841e-75,3.291311667652508e-11,3.291311667652508e-11,3.291311667652508e-11
m2,11,m3,cross_entropy,direct_cross_entropy,12,20,10,-480.8244738577771,1.214695390901502e-72,4.5502152393184225e-12,4.5502152393184225e-12,4.5502152393184225e-12
m2,12,m3,cross_entropy,direct_cross_entropy,12,20,10,-484.094936918417,1.015727399753246e-68,5.038675639917889e-12,5.038675639917889e-12,5.038675639917889e-12
m2,13,m3,cross_entropy,direct_cross_entropy,12,20,10,-463.979971250258,1.0268814686290072e-68,1.4133363750168382e-11,1.4133363750168382e-11,1.4133363750168382e-11
m2,14,m3,cross_entropy,direct_cross_entropy,12,20,10,-475.3800561026388,3.539069012262022e-77,6.609950434222078e-12,6.609950434222078e-12,6.609950434222078e-12
m2,15,m3,cross_entropy,direct_cross_entropy,12,20,10,-478.47432790173997,4.783776224095826e-75,7.863461617962919e-12,7.863461617962919e-12,7.863461617962919e-12
m2,16,m3,cross_entropy,direct_cross_entropy,12,20,10,-462.6805731388506,6.872474477267841e-71,4.1161532515765487e-11,4.1161532515765487e-11,4.1161532515765487e-11
m2,17,m3,cross_entropy,direct_cross_entropy,12,20,10,-469.64474280450816,7.96113758150007e-73,1.5233326752794873e-11,1.5233326752794873e-11,1.5233326752794873e-11
m2,18,m3,cross_entropy,direct_cross_entropy,12,20,10,-471.3839228930284,1.1717213584052708e-75,1.8667822496154507e-11,1.8667822496154507e-11,1.8667822496154507e-11
m2,19,m3,cross_entropy,direct_cross_entropy,12,20,10,-469.33739328947956,2.751288572576624e-66,1.4517399435365341e-11,1.4517399435365341e-11,1.4517399435365341e-11
m2,20,m3,cross_entropy,direct_cross_entropy,12,20,10,-478.1082462529682,4.905253369533739e-73,8.850440345875565e-12,8.850440345875565e-12,8.850440345875565e-12
m2,21,m3,cross_entropy,direct_cross_entropy,12,20,10,-477.7854489660492,6.835759706399998e-78,1.3723840640300633e-11,1.3723840640300633e-11,1.3723840640300633e-11
m2,22,m3,cross_entropy,direct_cross_entropy,12,20,10,-471.41584338258104,5.19004630372626e-59,1.7012878952837873e-11,1.7012878952837873e-11,1.7012878952837873e-11
m2,23,m3,cross_entropy,direct_cross_entropy,12,20,10,-469.5511806414653,9.519860949443255e-71,5.184245394085352e-11,5.184245394085352e-11,5.184245394085352e-11
m2,24,m3,cross_entropy,direct_cross_entropy,12,20,10,-471.0556100571649,3.1536127547140677e-75,1.6255398069264793e-11,1.6255398069264793e-11,1.6255398069264793e-11
m2,25,m3,cross_entropy,direct_cross_entropy,12,20,10,-475.8758619286159,1.5845216766572764e-75,7.259361081007887e-12,7.259361081007887e-12,7.259361081007887e-12
m2,26,m3,cross_entropy,direct_cross_entropy,12,20,10,-465.71070732395845,5.795662953967208e-70,2.0035481954061574e-11,2.0035481954061574e-11,2.0035481954061574e-11
m2,27,m3,cross_entropy,direct_cross_entropy,12,20,10,-467.98500145351875,9.337035086086327e-68,2.8189801187794572e-11,2.8189801187794572e-11,2.8189801187794572e-11
m2,28,m3,cross_entropy,direct_cross_entropy,12,20,10,-476.717638537667,7.118315190034609e-72,1.4271788612019165e-11,1.4271788612019165e-11,1.4271788612019165e-11
m2,29,m3,cross_entropy,direct_cross_entropy,12,20,10,-487.46857909169694,2.58619870560703e-72,3.5124670099556665e-12,3.5124670099556665e-12,3.5124670099556665e-12
m3,0,m3,cross_entropy,direct_cross_entropy,12,20,10,-512.4821556497637,1.0,1.0,0.0,0.0
m3,1,m3,cross_entropy,direct_cross_entropy,12,20,10,-508.44287705586447,1.0,1.0,0.0,0.0
m3,2,m3,cross_entropy,direct_cross_entropy,12,20,10,-533.8806818823092,1.0,1.0,0.0,0.0
m3,3,m3,cross_entropy,direct_cross_entropy,12,20,10,-539.8512420772684,1.0,1.0,0.0,0.0
m3,4,m3,cross_entropy,direct_cross_entropy,12,20,10,-509.2175496327118,1.0,1.0,0.0,0.0
m3,5,m3,cross_entropy,direct_cross_entropy,12,20,10,-498.78487634159865,1.0,1.0,0.0,0.0
m3,6,m3,cross_entropy,direct_cross_entropy,12,20,10,-518.8408112475325,1.0,1.0,0.0,0.0
m3,7,m3,cross_entropy,direct_cross_entropy,12,20,10,-498.24570452308205,1.0,1.0,0.0,0.0
m3,8,m3,cross_entropy,direct_cross_entropy,12,20,10,-488.7882422625825,1.0,1.0,0.0,0.0
m3,9,m3,cross_entropy,direct_cross_entropy,12,20,10,-532.4962928665984,1.0,1.0,0.0,0.0
m3,10,m3,cross_entropy,direct_cross_entropy,12,20,10,-510.1276216779899,1.0,1.0,0.0,0.0
m3,11,m3,cross_entropy,direct_cross_entropy,12,20,10,-519.7731965038518,1.0,1.0,0.0,0.0
m3,12,m3,cross_entropy,direct_cross_entropy,12,20,10,-495.6326883466924,1.0,1.0,0.0,0.0
m3,13,m3,cross_entropy,direct_cross_entropy,12,20,10,-521.120358595614,1.0,1.0,0.0,0.0
m3,14,m3,cross_entropy,direct_cross_entropy,12,20,10,-503.6272462948855,1.0,1.0,0.0,0.0
m3,15,m3,cross_entropy,direct_cross_entropy,12,20,10,-514.3799725282776,1.0,1.0,0.0,0.0
m3,16,m3,cross_entropy,direct_cross_entropy,12,20,10,-532.0124393542364,1.0,1.0,0.0,0.0
m3,17,m3,cross_entropy,direct_cross_entropy,12,20,10,-516.513301670972,1.0,1.0,0.0,0.0
m3,18,m3,cross_entropy,direct_cross_entropy,12,20,10,-510.9385544409995,1.0,1.0,0.0,0.0
m3,19,m3,cross_entropy,direct_cross_entropy,12,20,10,-519.2837380481734,1.0,1.0,0.0,0.0
m3,20,m3,cross_entropy,direct_cross_entropy,12,20,10,-506.72101420805683,1.0,1.0,0.0,0.0
m3,21,m3,cross_entropy,direct_cross_entropy,12,20,10,-516.3147125148507,1.0,1.0,0.0,0.0
m3,22,m3,cross_entropy,direct_cross_entropy,12,20,10,-515.8791843902412,1.0,1.0,0.0,0.0
m3,23,m3,cross_entropy,direct_cross_entropy,12,20,10,-520.1168470164964,1.0,1.0,0.0,0.0
m3,24,m3,cross_entropy,direct_cross_entropy,12,20,10,-499.2974609208715,1.0,1.0,0.0,0.0
m3,25,m3,cross_entropy,direct_cross_entropy,12,20,10,-493.2796750187427,1.0,1.0,0.0,0.0
m3,26,m3,cross_entropy,direct_cross_entropy,12,20,10,-503.63554194315327,1.0,1.0,0.0,0.0
m3,27,m3,cross_entropy,direct_cross_entropy,12,20,10,-514.8973762945346,1.0,1.0,0.0,0.0
m3,28,m3,cross_entropy,direct_cross_entropy,12,20,10,-524.7349771482633,1.0,1.0,0.0,0.0
m3,29,m3,cross_entropy,direct_cross_entropy,12,20,10,-506.1388665322008,1.0,1.0,0.0,0.0
m4,0,m3,cross_entropy,direct_cross_entropy,12,20,10,-424.24905464216465,2.8903947577451593e-56,2.388901293670642e-06,2.388901293670642e-06,2.388901293670642e-06
m4,1,m3,cross_entropy,direct_cross_entropy,12,20,10,-427.21779386397196,2.3052129922500693e-52,2.9862646897527156e-06,2.9862646897527156e-06,2.9862646897527156e-06
m4,2,m3,cross_entropy,direct_cross_entropy,12,20,10,-427.55855832075366,2.4768483911933007e-52,3.6984039297749405e-07,3.6984039297749405e-07,3.6984039297749405e-07
m4,3,m3,cross_entropy,direct_cross_entropy,12,20,10,-431.3511226310691,8.110592885519456e-50,2.397837874923425e-07,2.397837874923425e-07,2.397837874923425e-07
m4,4,m3,cross_entropy,direct_cross_entropy,12,20,10,-426.45530191811514,7.229187248729119e-52,1.1550159797479864e-06,1.1550159797479864e-06,1.1550159797479864e-06
m4,5,m3,cross_entropy,direct_cross_entropy,12,20,10,-428.8119549225255,1.2097764566375517e-50,1.5469167919945903e-06,1.5469167919945903e-06,1.5469167919945903e-06
m4,6,m3,cross_entropy,direct_cross_entropy,12,20,10,-427.1734661898207,5.605074343704063e-48,1.716528345241386e-06,1.716528345241386e-06,1.716528345241386e-06
m4,7,m3,cross_entropy,direct_cross_entropy,12,20,10,-426.54049844289403,1.8654584886771973e-58,1.1162920827700873e-06,1.1162920827700873e-06,1.1162920827700873e-06
m4,8,m3,cross_entropy,direct_cross_entropy,12,20,10,-427.9040006006126,2.3699431383527164e-50,8.92504340299638e-06,8.92504340299638e-06,8.92504340299638e-06
m4,9,m3,cross_entropy,direct_cross_entropy,12,20,10,-427.3477674409392,1.0066173155682464e-51,2.1937680685368832e-06,2.1937680685368832e-06,2.1937680685368832e-06
m4,10,m3,cross_entropy,direct_cross_entropy,12,20,10,-424.43378745668963,7.952696809480385e-51,1.054694394042599e-06,1.054694394042599e-06,1.054694394042599e-06
m4,11,m3,cross_entropy,direct_cross_entropy,12,20,10,-423.9141527562766,1.6969897937972066e-55,1.7078823475458194e-06,1.7078823475458194e-06,1.7078823475458194e-06
m4,12,m3,cross_entropy,direct_cross_entropy,12,20,10,-427.4752455810508,1.6867814631419293e-45,3.04681520901795e-06,3.04681520901795e-06,3.04681520901795e-06
m4,13,m3,cross_entropy,direct_cross_entropy,12,20,10,-427.14530985384664,1.6452588437865146e-54,1.9035325067306985e-06,1.9035325067306985e-06,1.9035325067306985e-06
m4,14,m3,cross_entropy,direct_cross_entropy,12,20,10,-423.67975313907664,3.176748017383938e-57,1.6977663790385122e-06,1.6977663790385122e-06,1.6977663790385122e-06
m4,15,m3,cross_entropy,direct_cross_entropy,12,20,10,-429.4789873155238,4.268970837738128e-51,3.512969897201401e-06,3.512969897201401e-06,3.512969897201401e-06
m4,16,m3,cross_entropy,direct_cross_entropy,12,20,10,-423.86893196663635,1.9684897808504426e-57,2.1105320229253266e-06,2.1105320229253266e-06,2.1105320229253266e-06
m4,17,m3,cross_entropy,direct_cross_entropy,12,20,10,-427.1408007378069,2.5290445558204543e-51,4.5370343286776915e-06,4.5370343286776915e-06,4.5370343286776915e-06
m4,18,m3,cross_entropy,direct_cross_entropy,12,20,10,-426.5613238904416,1.448602439388848e-51,3.0730200251127826e-06,3.0730200251127826e-06,3.0730200251127826e-06
m4,19,m3,cross_entropy,direct_cross_entropy,12,20,10,-427.25670816006897,8.353318452064384e-51,2.5577849100955063e-06,2.5577849100955063e-06,2.5577849100955063e-06
m4,20,m3,cross_entropy,direct_cross_entropy,12,20,10,-430.7875579500138,6.199340545366953e-42,1.678708144936536e-06,1.678708144936536e-06,1.678708144936536e-06
m4,21,m3,cross_entropy,direct_cross_entropy,12,20,10,-426.2021444805705,3.0184391631233286e-53,1.2331802281551063e-06,1.2331802281551063e-06,1.2331802281551063e-06
m4,22,m3,cross_entropy,direct_cross_entropy,12,20,10,-425.5838349878824,2.609065505281946e-54,1.8639191239344655e-06,1.8639191239344655e-06,1.8639191239344655e-06
m4,23,m3,cross_entropy,direct_cross_entropy,12,20,10,-425.56748670141036,4.890798365301112e-52,2.4541527636756655e-06,2.4541527636756655e-06,2.4541527636756655e-06
m4,24,m3,cross_entropy,direct_cross_entropy,12,20,10,-429.0807699909577,6.398219014946273e-46,6.113082804404257e-07,6.113082804404257e-07,6.113082804404257e-07
m4,25,m3,cross_entropy,direct_cross_entropy,12,20,10,-429.3134123172952,1.3423103269617775e-45,6.1797195485269185e-06,6.1797195485269185e-06,6.1797195485269185e-06
m4,26,m3,cross_entropy,direct_cross_entropy,12,20,10,-423.71492581573676,4.977894760301856e-59,1.69356508195051e-06,1.69356508195051e-06,1.69356508195051e-06
m4,27,m3,cross_entropy,direct_cross_entropy,12,20,10,-429.1959336451653,6.5248703910374915e-47,2.260659357489203e-06,2.260659357489203e-06,2.260659357489203e-06
m4,28,m3,cross_entropy,direct_cross_entropy,12,20,10,-424.67628250105446,1.3118974738453153e-51,7.805970199115109e-06,7.805970199115109e-06,7.805970199115109e-06
m4,29,m3,cross_entropy,direct_cross_entropy,12,20,10,-426.87254971637645,2.740714986422987e-50,1.5820203316252446e-06,1.5820203316252446e-06,1.5820203316252446e-06
m1,0,m4,cross_entropy,direct_cross_entropy,12,20,10,-329.58045038273946,0.39906172261198797,0.40354636311531067,0.004484640503322701,0.004484640503322701
m1,1,m4,cross_entropy,direct_cross_entropy,12,20,10,-300.3662192584465,0.5162542217828748,0.5269176959991455,0.010663474216270674,0.010663474216270674
m1,2,m4,cross_entropy,direct_cross_entropy,12,20,10,-302.7135517213674,0.4368356582744955,0.439759761095047,0.0029241028205514996,0.0029241028205514996
m1,3,m4,cross_entropy,direct_cross_entropy,12,20,10,-294.67073490852414,0.4412270400498609,0.4494887590408325,0.008261718990971612,0.008261718990971612
m1,4,m4,cross_entropy,direct_cross_entropy,12,20,10,-321.8263367984329,0.27245306066433245,0.2781975269317627,0.005744466267430248,0.005744466267430248
m1,5,m4,cross_entropy,direct_cross_entropy,12,20,10,-283.04048661814477,0.45510124239746663,0.45846274495124817,0.003361502553781537,0.003361502553781537
m1,6,m4,cross_entropy,direct_cross_entropy,12,20,10,-302.1586003611831,0.4008103824906508,0.40160056948661804,0.0007901869959672236,0.0007901869959672236
m1,7,m4,cross_entropy,direct_cross_entropy,12,20,10,-328.275964426071,0.4043807610364008,0.4095340073108673,0.005153246274466505,0.005153246274466505
m1,8,m4,cross_entropy,direct_cross_entropy,12,20,10,-314.8030766871651,0.44190412497060044,0.4426257312297821,0.0007216062591816619,0.0007216062591816619
m1,9,m4,cross_entropy,direct_cross_entropy,12,20,10,-307.9048165088103,0.4053359734667796,0.40354833006858826,-0.0017876433981913187,0.0017876433981913187
m1,10,m4,cross_entropy,direct_cross_entropy,12,20,10,-308.727455668042,0.3300925821034628,0.3335843086242676,0.003491726520804761,0.003491726520804761
m1,11,m4,cross_entropy,direct_cross_entropy,12,20,10,-324.08307203009775,0.37529463153542825,0.3728795349597931,-0.002415096575635156,0.002415096575635156
m1,12,m4,cross_entropy,direct_cross_entropy,12,20,10,-307.96188979601936,0.50315936369479,0.5069429874420166,0.0037836237472266276,0.0037836237472266276
m1,13,m4,cross_entropy,direct_cross_entropy,12,20,10,-301.2937788211532,0.6031791441937701,0.6085484623908997,0.005369318197129602,0.005369318197129602
m1,14,m4,cross_entropy,direct_cross_entropy,12,20,10,-305.9149850598213,0.48330856713692266,0.494726300239563,0.011417733102640326,0.011417733102640326
m1,15,m4,cross_entropy,direct_cross_entropy,12,20,10,-293.9035818397152,0.7070045528218937,0.7078786492347717,0.000874096412878056,0.000874096412878056
m1,16,m4,cross_entropy,direct_cross_entropy,12,20,10,-304.73371596848034,0.5952495070653917,0.597567617893219,0.002318110827827291,0.002318110827827291
m1,17,m4,cross_entropy,direct_cross_entropy,12,20,10,-308.6153945676757,0.5170414475959451,0.5145725011825562,-0.002468946413388906,0.002468946413388906
m1,18,m4,cross_entropy,direct_cross_entropy,12,20,10,-304.5730487907788,0.2959084817731627,0.3026222884654999,0.006713806692337176,0.006713806692337176
m1,19,m4,cross_entropy,direct_cross_entropy,12,20,10,-315.9545183216575,0.49538709198010683,0.4965715706348419,0.0011844786547350883,0.0011844786547350883
m1,20,m4,cross_entropy,direct_cross_entropy,12,20,10,-305.5859849168478,0.42839927854299525,0.4360787272453308,0.007679448702335556,0.007679448702335556
m1,21,m4,cross_entropy,direct_cross_entropy,12,20,10,-312.37803709479255,0.5557010288131478,0.5543907284736633,-0.001310300339484427,0.001310300339484427
m1,22,m4,cross_entropy,direct_cross_entropy,12,20,10,-313.7959636546795,0.6326020467709227,0.6290678381919861,-0.003534208578936604,0.003534208578936604
m1,23,m4,cross_entropy,direct_cross_entropy,12,20,10,-306.1082904533196,0.2909005014457693,0.28926390409469604,-0.0016365973510732434,0.0016365973510732434
m1,24,m4,cross_entropy,direct_cross_entropy,12,20,10,-298.84132502228266,0.6378125995473705,0.6354382038116455,-0.0023743957357249545,0.0023743957357249545
m1,25,m4,cross_entropy,direct_cross_entropy,12,20,10,-321.5840899766585,0.5655357844932162,0.571398913860321,0.005863129367104869,0.005863129367104869
m1,26,m4,cross_entropy,direct_cross_entropy,12,20,10,-314.5953500393697,0.4235024745118952,0.42557454109191895,0.0020720665800237348,0.0020720665800237348
m1,27,m4,cross_entropy,direct_cross_entropy,12,20,10,-339.54374822726453,0.32638680957718724,0.33634263277053833,0.009955823193351088,0.009955823193351088
m1,28,m4,cross_entropy,direct_cross_entropy,12,20,10,-317.76992452885025,0.45952584579553135,0.46030908823013306,0.0007832424346017053,0.0007832424346017053
m1,29,m4,cross_entropy,direct_cross_entropy,12,20,10,-301.76656642687294,0.5209280252052133,0.5282922983169556,0.007364273111742259,0.007364273111742259
m2,0,m4,cross_entropy,direct_cross_entropy,12,20,10,-376.45962136625906,1.6443338553693828e-31,9.505535023160607e-20,9.505535023144163e-20,9.505535023144163e-20
m2,1,m4,cross_entropy,direct_cross_entropy,12,20,10,-373.56905557200906,6.510410150483861e-30,9.910886481289122e-20,9.910886480638081e-20,9.910886480638081e-20
m2,2,m4,cross_entropy,direct_cross_entropy,12,20,10,-382.1069964513218,7.655837037004428e-30,1.5527560455267527e-18,1.552756045519097e-18,1.552756045519097e-18
m2,3,m4,cross_entropy,direct_cross_entropy,12,20,10,-374.0732251635458,2.003431892847941e-32,2.61177832317826e-19,2.61177832317806e-19,2.61177832317806e-19
m2,4,m4,cross_entropy,direct_cross_entropy,12,20,10,-359.7641788887086,2.360507841451959e-22,2.166736955651255e-18,2.16650090486711e-18,2.16650090486711e-18
m2,5,m4,cross_entropy,direct_cross_entropy,12,20,10,-367.58501114534704,3.4638407798161354e-29,5.3014354425344464e-20,5.3014354390706055e-20,5.3014354390706055e-20
m2,6,m4,cross_entropy,direct_cross_entropy,12,20,10,-376.6365874475963,1.113529244068678e-36,2.982560934155904e-20,2.982560934155904e-20,2.982560934155904e-20
m2,7,m4,cross_entropy,direct_cross_entropy,12,20,10,-391.6987212320259,3.650559416196059e-36,2.016286735051302e-19,2.016286735051302e-19,2.016286735051302e-19
m2,8,m4,cross_entropy,direct_cross_entropy,12,20,10,-401.4374853951755,5.949481918966712e-34,3.3503164518325154e-19,3.3503164518325096e-19,3.3503164518325096e-19
m2,9,m4,cross_entropy,direct_cross_entropy,12,20,10,-390.40866878361066,2.8838338869638595e-35,1.3500456136508592e-19,1.350045613650859e-19,1.350045613650859e-19
m2,10,m4,cross_entropy,direct_cross_entropy,12,20,10,-349.01940168629716,5.083017441787359e-26,1.3569286869254895e-18,1.3569286360953151e-18,1.3569286360953151e-18
m2,11,m4,cross_entropy,direct_cross_entropy,12,20,10,-400.0275657130163,1.493202628324252e-37,1.623552463138863e-20,1.623552463138863e-20,1.623552463138863e-20
m2,12,m4,cross_entropy,direct_cross_entropy,12,20,10,-417.2735282349787,1.0640112800743678e-39,1.1961236837082785e-20,1.1961236837082785e-20,1.1961236837082785e-20
m2,13,m4,cross_entropy,direct_cross_entropy,12,20,10,-364.81722115294514,1.1949658501476877e-25,9.761736769557861e-20,9.76172481989936e-20,9.76172481989936e-20
m2,14,m4,cross_entropy,direct_cross_entropy,12,20,10,-382.52227038596754,7.525112032624192e-37,4.4680386969250535e-20,4.4680386969250535e-20,4.4680386969250535e-20
m2,15,m4,cross_entropy,direct_cross_entropy,12,20,10,-391.5246749091821,2.763919271740945e-37,8.509078360597138e-20,8.509078360597138e-20,8.509078360597138e-20
m2,16,m4,cross_entropy,direct_cross_entropy,12,20,10,-359.8050644354682,3.2762639905917174e-26,2.1694331508578717e-18,2.169433118095232e-18,2.169433118095232e-18
m2,17,m4,cross_entropy,direct_cross_entropy,12,20,10,-370.1091030592209,1.3450989181511777e-29,2.8396262568817573e-19,2.8396262567472475e-19,2.8396262567472475e-19
m2,18,m4,cross_entropy,direct_cross_entropy,12,20,10,-373.84020475725754,2.700989383193665e-33,2.8893765178358763e-19,2.8893765178358494e-19,2.8893765178358494e-19
m2,19,m4,cross_entropy,direct_cross_entropy,12,20,10,-389.5579175499548,1.222706517429167e-31,1.0146264602000207e-19,1.014626460198798e-19,1.014626460198798e-19
m2,20,m4,cross_entropy,direct_cross_entropy,12,20,10,-393.6306712658336,2.3922474826831622e-36,7.438245882502934e-20,7.438245882502934e-20,7.438245882502934e-20
m2,21,m4,cross_entropy,direct_cross_entropy,12,20,10,-384.6608865387344,1.897887125134528e-37,1.7572818803532587e-19,1.7572818803532587e-19,1.7572818803532587e-19
m2,22,m4,cross_entropy,direct_cross_entropy,12,20,10,-403.4567290890327,1.6960535693708936e-29,1.9112844280938207e-19,1.9112844279242154e-19,1.9112844279242154e-19
m2,23,m4,cross_entropy,direct_cross_entropy,12,20,10,-374.47817556282484,1.8548640694245937e-29,4.4287762848068885e-18,4.4287762847883394e-18,4.4287762847883394e-18
m2,24,m4,cross_entropy,direct_cross_entropy,12,20,10,-372.25835681050376,2.54630413705819e-32,2.621220589870553e-19,2.6212205898702983e-19,2.6212205898702983e-19
m2,25,m4,cross_entropy,direct_cross_entropy,12,20,10,-387.62420889923607,3.365922516692065e-37,2.3233614785255027e-20,2.3233614785255027e-20,2.3233614785255027e-20
m2,26,m4,cross_entropy,direct_cross_entropy,12,20,10,-372.474550806441,1.7990838732623715e-29,2.78363026531498e-19,2.783630265135072e-19,2.783630265135072e-19
m2,27,m4,cross_entropy,direct_cross_entropy,12,20,10,-378.2684258245387,8.582676072690768e-29,7.326478789098417e-19,7.32647878824015e-19,7.32647878824015e-19
m2,28,m4,cross_entropy,direct_cross_entropy,12,20,10,-391.7100025153323,5.898267409416513e-35,2.776567176859543e-19,2.7765671768595425e-19,2.7765671768595425e-19
m2,29,m4,cross_entropy,direct_cross_entropy,12,20,10,-411.61439269684985,2.2683834526843563e-39,1.0559782045296983e-20,1.0559782045296983e-20,1.0559782045296983e-20
m3,0,m4,cross_entropy,direct_cross_entropy,12,20,10,-1030.7041249364368,8.69077162547391e-226,5.6918019622215764e-34,5.6918019622215764e-34,5.6918019622215764e-34
m3,1,m4,cross_entropy,direct_cross_entropy,12,20,10,-1009.7876470634457,1.8566620247267211e-218,1.1428775235078744e-29,1.1428775235078744e-29,1.1428775235078744e-29
m3,2,m4,cross_entropy,direct_cross_entropy,12,20,10,-1214.9710343979368,1.6077489140891548e-296,2.2118799854677002e-29,2.2118799854677002e-29,2.2118799854677002e-29
m3,3,m4,cross_entropy,direct_cross_entropy,12,20,10,-1239.8817341566396,9.56357186963055e-305,0.0,-9.56357186963055e-305,9.56357186963055e-305
m3,4,m4,cross_entropy,direct_cross_entropy,12,20,10,-1024.3359835621875,1.936005638290966e-224,5.961864978716791e-26,5.961864978716791e-26,5.961864978716791e-26
m3,5,m4,cross_entropy,direct_cross_entropy,12,20,10,-951.0601954470552,3.795986082457502e-197,6.087597697354958e-26,6.087597697354958e-26,6.087597697354958e-26
m3,6,m4,cross_entropy,direct_cross_entropy,12,20,10,-1089.8276574381687,1.0557557613018366e-248,1.1391404153400114e-26,1.1391404153400114e-26,1.1391404153400114e-26
m3,7,m4,cross_entropy,direct_cross_entropy,12,20,10,-969.2920457436073,2.6740731738729554e-205,7.87462391191895e-28,7.87462391191895e-28,7.87462391191895e-28
m3,8,m4,cross_entropy,direct_cross_entropy,12,20,10,-847.114891176466,2.4027780605989163e-156,2.6129881161831496e-16,2.6129881161831496e-16,2.6129881161831496e-16
m3,9,m4,cross_entropy,direct_cross_entropy,12,20,10,-1223.807118481458,5.8549495260101296e-301,0.0,-5.8549495260101296e-301,5.8549495260101296e-301
m3,10,m4,cross_entropy,direct_cross_entropy,12,20,10,-1022.6642650955883,2.5595521968206117e-223,3.3559471645689074e-25,3.3559471645689074e-25,3.3559471645689074e-25
m3,11,m4,cross_entropy,direct_cross_entropy,12,20,10,-1119.7958740210333,2.5909685264963337e-261,6.83800804154507e-38,6.83800804154507e-38,6.83800804154507e-38
m3,12,m4,cross_entropy,direct_cross_entropy,12,20,10,-918.6466777613516,1.9380216723423037e-184,8.609358720798216e-25,8.609358720798216e-25,8.609358720798216e-25
m3,13,m4,cross_entropy,direct_cross_entropy,12,20,10,-1130.435162213672,2.38749816638029e-265,1.7503077029506557e-30,1.7503077029506557e-30,1.7503077029506557e-30
m3,14,m4,cross_entropy,direct_cross_entropy,12,20,10,-959.7069471457314,8.454785859702158e-199,2.180412488663963e-23,2.180412488663963e-23,2.180412488663963e-23
m3,15,m4,cross_entropy,direct_cross_entropy,12,20,10,-1019.2307714170607,5.572933466130609e-220,4.250300713011895e-25,4.250300713011895e-25,4.250300713011895e-25
m3,16,m4,cross_entropy,direct_cross_entropy,12,20,10,-1245.1652063637443,1.91288355576803e-310,1.820666702532796e-27,1.820666702532796e-27,1.820666702532796e-27
m3,17,m4,cross_entropy,direct_cross_entropy,12,20,10,-1060.6374931173743,4.896279314860158e-237,1.4675356990567355e-27,1.4675356990567355e-27,1.4675356990567355e-27
m3,18,m4,cross_entropy,direct_cross_entropy,12,20,10,-1056.9385178157127,7.502893588002424e-238,4.016121936853536e-36,4.016121936853536e-36,4.016121936853536e-36
m3,19,m4,cross_entropy,direct_cross_entropy,12,20,10,-1133.5719354543194,1.652059057024895e-267,3.2944360590405296e-28,3.2944360590405296e-28,3.2944360590405296e-28
m3,20,m4,cross_entropy,direct_cross_entropy,12,20,10,-1019.0224706541022,3.2382054134855267e-223,9.440018807751923e-28,9.440018807751923e-28,9.440018807751923e-28
m3,21,m4,cross_entropy,direct_cross_entropy,12,20,10,-1110.4889460755794,8.98274508837344e-259,6.128801380074309e-31,6.128801380074309e-31,6.128801380074309e-31
m3,22,m4,cross_entropy,direct_cross_entropy,12,20,10,-1079.0592154824176,2.594299897925262e-245,3.327867013053622e-30,3.327867013053622e-30,3.327867013053622e-30
m3,23,m4,cross_entropy,direct_cross_entropy,12,20,10,-1075.692964391275,5.204247555641994e-242,9.546445335366897e-29,9.546445335366897e-29,9.546445335366897e-29
m3,24,m4,cross_entropy,direct_cross_entropy,12,20,10,-930.0740293822053,8.243533060851835e-188,1.361148755615582e-18,1.361148755615582e-18,1.361148755615582e-18
m3,25,m4,cross_entropy,direct_cross_entropy,12,20,10,-873.2249246884008,9.814646073800826e-166,1.1165976169675578e-31,1.1165976169675578e-31,1.1165976169675578e-31
m3,26,m4,cross_entropy,direct_cross_entropy,12,20,10,-982.5544504904713,1.018968453474111e-208,5.685978947153445e-29,5.685978947153445e-29,5.685978947153445e-29
m3,27,m4,cross_entropy,direct_cross_entropy,12,20,10,-1055.2383614713053,2.15224541630236e-235,2.434388246522678e-35,2.434388246522678e-35,2.434388246522678e-35
m3,28,m4,cross_entropy,direct_cross_entropy,12,20,10,-1187.458375643641,1.5236492607424701e-288,0.0,-1.5236492607424701e-288,1.5236492607424701e-288
m3,29,m4,cross_entropy,direct_cross_entropy,12,20,10,-955.2579094789403,8.914108801106749e-196,1.4945884928062125e-24,1.4945884928062125e-24,1.4945884928062125e-24
m4,0,m4,cross_entropy,direct_cross_entropy,12,20,10,-296.9251298874044,0.5715248207911928,0.5724005699157715,0.0008757491245786619,0.0008757491245786619
m4,1,m4,cross_entropy,direct_cross_entropy,12,20,10,-308.8185820083045,0.606506457562156,0.6128923296928406,0.006385872130684533,0.006385872130684533
m4,2,m4,cross_entropy,direct_cross_entropy,12,20,10,-309.21785556549366,0.614629803208693,0.6234613060951233,0.008831502886430309,0.008831502886430309
m4,3,m4,cross_entropy,direct_cross_entropy,12,20,10,-319.5438870995896,0.2926294496582559,0.2846793830394745,-0.007950066618781393,0.007950066618781393
m4,4,m4,cross_entropy,direct_cross_entropy,12,20,10,-309.6772883456718,0.37595544230378414,0.37834879755973816,0.0023933552559540217,0.0023933552559540217
m4,5,m4,cross_entropy,direct_cross_entropy,12,20,10,-314.2511023485367,0.6852534701464073,0.692665159702301,0.0074116895558937745,0.0074116895558937745
m4,6,m4,cross_entropy,direct_cross_entropy,12,20,10,-319.3527798560878,0.37541401961357723,0.37934577465057373,0.003931755036996498,0.003931755036996498
m4,7,m4,cross_entropy,direct_cross_entropy,12,20,10,-294.35648175713766,0.4759645765259909,0.48714208602905273,0.011177509503061844,0.011177509503061844
m4,8,m4,cross_entropy,direct_cross_entropy,12,20,10,-314.7601456729825,0.32545412656766454,0.33257997035980225,0.007125843792137709,0.007125843792137709
m4,9,m4,cross_entropy,direct_cross_entropy,12,20,10,-310.6514174781869,0.48244214955001463,0.4895491600036621,0.007107010453647478,0.007107010453647478
m4,10,m4,cross_entropy,direct_cross_entropy,12,20,10,-309.5697681710771,0.6099920439395924,0.6076938509941101,-0.0022981929454822803,0.0022981929454822803
m4,11,m4,cross_entropy,direct_cross_entropy,12,20,10,-298.58577718667186,0.4561431592129876,0.4545843005180359,-0.0015588586949517036,0.0015588586949517036
m4,12,m4,cross_entropy,direct_cross_entropy,12,20,10,-324.98743978031,0.5456916913797826,0.5487703084945679,0.003078617114785298,0.003078617114785298
m4,13,m4,cross_entropy,direct_cross_entropy,12,20,10,-303.90547771569186,0.547788968686798,0.5497063398361206,0.0019173711493225554,0.0019173711493225554
m4,14,m4,cross_entropy,direct_cross_entropy,12,20,10,-294.1696732822488,0.559108120772368,0.5575096011161804,-0.0015985196561876247,0.0015985196561876247
m4,15,m4,cross_entropy,direct_cross_entropy,12,20,10,-314.3946667814277,0.40813942622254845,0.40532878041267395,-0.0028106458098745013,0.0028106458098745013
m4,16,m4,cross_entropy,direct_cross_entropy,12,20,10,-293.79507019275417,0.6088265355561338,0.6141923069953918,0.0053657714392580935,0.0053657714392580935
m4,17,m4,cross_entropy,direct_cross_entropy,12,20,10,-311.3369598480092,0.49650721324945907,0.4924134910106659,-0.004093722238793174,0.004093722238793174
m4,18,m4,cross_entropy,direct_cross_entropy,12,20,10,-310.1565383891116,0.5186868319298245,0.5298092365264893,0.011122404596664803,0.011122404596664803
m4,19,m4,cross_entropy,direct_cross_entropy,12,20,10,-312.5357397182093,0.5553190744491324,0.5597758889198303,0.004456814470697901,0.004456814470697901
m4,20,m4,cross_entropy,direct_cross_entropy,12,20,10,-336.76809978409256,0.4211893360405873,0.41682493686676025,-0.004364399173827027,0.004364399173827027
m4,21,m4,cross_entropy,direct_cross_entropy,12,20,10,-306.0267713911182,0.46911986154923474,0.47208744287490845,0.002967581325673707,0.002967581325673707
m4,22,m4,cross_entropy,direct_cross_entropy,12,20,10,-302.94307786970177,0.47718749682176986,0.47462645173072815,-0.0025610450910417137,0.0025610450910417137
m4,23,m4,cross_entropy,direct_cross_entropy,12,20,10,-308.03659249538896,0.5400059750267381,0.5404510498046875,0.00044507477794941686,0.00044507477794941686
m4,24,m4,cross_entropy,direct_cross_entropy,12,20,10,-326.0974101419064,0.33975355720123795,0.3452628254890442,0.005509268287806235,0.005509268287806235
m4,25,m4,cross_entropy,direct_cross_entropy,12,20,10,-326.6503392885845,0.5174388619108885,0.5198045969009399,0.002365734990051438,0.002365734990051438
m4,26,m4,cross_entropy,direct_cross_entropy,12,20,10,-290.1080766541268,0.5269422798836324,0.5291367173194885,0.0021944374358561225,0.0021944374358561225
m4,27,m4,cross_entropy,direct_cross_entropy,12,20,10,-323.16771305864256,0.7278518933899871,0.7145833373069763,-0.013268556083010807,0.013268556083010807
m4,28,m4,cross_entropy,direct_cross_entropy,12,20,10,-308.24933452840395,0.4802650079610803,0.4810526967048645,0.0007876887437842095,0.0007876887437842095
m4,29,m4,cross_entropy,direct_cross_entropy,12,20,10,-313.3604959307886,0.5439042635121898,0.5483875870704651,0.004483323558275298,0.004483323558275298
