diagnostic,assumed_model,summary,n_selected,n_total,min_abs_error,max_abs_error,min_source,min_id,min_ties,max_source,max_id,max_ties,max_signed_error,source_path
l2,m1,S=D,450,600,0,0.024103317115471201,m7,0,50,m9,13,1,-0.024103317115471201,/Users/yimingzang/Documents/Project/benchmark2/benchmark/examples/gaussian/results/ood_20d_10n/diagnostics/l2/pmp_ambiguity_frame.csv
l2,m2,S=D,450,600,0,8.5402573901660617e-11,m2,0,98,m5,15,1,-8.5402573901660617e-11,/Users/yimingzang/Documents/Project/benchmark2/benchmark/examples/gaussian/results/ood_20d_10n/diagnostics/l2/pmp_ambiguity_frame.csv
l2,m3,S=D,450,600,0,1.0378300917459626e-41,m3,0,100,m1,27,1,1.0378300917459626e-41,/Users/yimingzang/Documents/Project/benchmark2/benchmark/examples/gaussian/results/ood_20d_10n/diagnostics/l2/pmp_ambiguity_frame.csv
l2,m4,S=D,450,600,0,0.024103317115471201,m7,0,50,m9,13,1,0.024103317115471201,/Users/yimingzang/Documents/Project/benchmark2/benchmark/examples/gaussian/results/ood_20d_10n/diagnostics/l2/pmp_ambiguity_frame.csv
l2,m1,S=2D,397,600,0,0.017587047944920099,m7,0,40,m9,43,1,-0.017587047944920099,/Users/yimingzang/Documents/Project/benchmark2/benchmark/examples/gaussian/results/ood_40d_10n/diagnostics/l2/pmp_ambiguity_frame.csv
l2,m2,S=2D,397,600,0,3.078386769657794e-13,m2,0,87,m5,32,1,-3.078386769657794e-13,/Users/yimingzang/Documents/Project/benchmark2/benchmark/examples/gaussian/results/ood_40d_10n/diagnostics/l2/pmp_ambiguity_frame.csv
l2,m3,S=2D,397,600,0,1.2395536844823118e-41,m3,0,88,m1,38,1,1.2395536844823118e-41,/Users/yimingzang/Documents/Project/benchmark2/benchmark/examples/gaussian/results/ood_40d_10n/diagnostics/l2/pmp_ambiguity_frame.csv
l2,m4,S=2D,397,600,0,0.017587047944920199,m7,0,40,m9,43,1,0.017587047944920199,/Users/yimingzang/Documents/Project/benchmark2/benchmark/examples/gaussian/results/ood_40d_10n/diagnostics/l2/pmp_ambiguity_frame.csv
l2,m1,S=4D,314,600,0,0.0264512350880357,m7,3,10,m10,17,1,0.0264512350880357,/Users/yimingzang/Documents/Project/benchmark2/benchmark/examples/gaussian/results/ood_80d_10n/diagnostics/l2/pmp_ambiguity_frame.csv
l2,m2,S=4D,314,600,0,5.1146198387641555e-11,m2,0,58,m5,15,1,-5.1146198387641555e-11,/Users/yimingzang/Documents/Project/benchmark2/benchmark/examples/gaussian/results/ood_80d_10n/diagnostics/l2/pmp_ambiguity_frame.csv
l2,m3,S=4D,314,600,0,3.8940008857005184e-42,m3,0,57,m1,27,1,-3.8940008857005184e-42,/Users/yimingzang/Documents/Project/benchmark2/benchmark/examples/gaussian/results/ood_80d_10n/diagnostics/l2/pmp_ambiguity_frame.csv
l2,m4,S=4D,314,600,0,0.026451235088035499,m7,3,10,m10,17,1,-0.026451235088035499,/Users/yimingzang/Documents/Project/benchmark2/benchmark/examples/gaussian/results/ood_80d_10n/diagnostics/l2/pmp_ambiguity_frame.csv
linf,m1,S=D,463,600,0,0.66881522993226683,m7,0,50,m8,3,1,0.66881522993226683,/Users/yimingzang/Documents/Project/benchmark2/benchmark/examples/gaussian/results/ood_20d_10n/diagnostics/linf/pmp_ambiguity_frame.csv
linf,m2,S=D,463,600,0,8.9000867189437116e-06,m2,0,97,m5,21,1,8.9000867189437116e-06,/Users/yimingzang/Documents/Project/benchmark2/benchmark/examples/gaussian/results/ood_20d_10n/diagnostics/linf/pmp_ambiguity_frame.csv
linf,m3,S=D,463,600,0,0.99999996979788042,m3,0,100,m8,1,1,0.99999996979788042,/Users/yimingzang/Documents/Project/benchmark2/benchmark/examples/gaussian/results/ood_20d_10n/diagnostics/linf/pmp_ambiguity_frame.csv
linf,m4,S=D,463,600,0,0.85793193048379157,m7,0,50,m8,1,1,-0.85793193048379157,/Users/yimingzang/Documents/Project/benchmark2/benchmark/examples/gaussian/results/ood_20d_10n/diagnostics/linf/pmp_ambiguity_frame.csv
linf,m1,S=2D,485,600,0,0.0333681024919762,m7,0,45,m5,41,1,0.0333681024919762,/Users/yimingzang/Documents/Project/benchmark2/benchmark/examples/gaussian/results/ood_40d_10n/diagnostics/linf/pmp_ambiguity_frame.csv
linf,m2,S=2D,485,600,0,0.0136486140128285,m2,0,102,m5,9,1,0.0136486140128285,/Users/yimingzang/Documents/Project/benchmark2/benchmark/examples/gaussian/results/ood_40d_10n/diagnostics/linf/pmp_ambiguity_frame.csv
linf,m3,S=2D,485,600,0,2.1612510529052629e-41,m3,0,94,m1,38,1,2.1612510529052629e-41,/Users/yimingzang/Documents/Project/benchmark2/benchmark/examples/gaussian/results/ood_40d_10n/diagnostics/linf/pmp_ambiguity_frame.csv
linf,m4,S=2D,485,600,0,0.033427515450470797,m7,0,45,m5,41,1,-0.033427515450470797,/Users/yimingzang/Documents/Project/benchmark2/benchmark/examples/gaussian/results/ood_40d_10n/diagnostics/linf/pmp_ambiguity_frame.csv
linf,m1,S=4D,449,600,0,0.024551955178954699,m7,3,20,m10,22,1,0.024551955178954699,/Users/yimingzang/Documents/Project/benchmark2/benchmark/examples/gaussian/results/ood_80d_10n/diagnostics/linf/pmp_ambiguity_frame.csv
linf,m2,S=4D,449,600,0,0.058942827538420499,m2,0,68,m5,47,1,0.058942827538420499,/Users/yimingzang/Documents/Project/benchmark2/benchmark/examples/gaussian/results/ood_80d_10n/diagnostics/linf/pmp_ambiguity_frame.csv
linf,m3,S=4D,449,600,0,2.6990471184473613e-42,m3,0,68,m1,38,1,2.6990471184473613e-42,/Users/yimingzang/Documents/Project/benchmark2/benchmark/examples/gaussian/results/ood_80d_10n/diagnostics/linf/pmp_ambiguity_frame.csv
linf,m4,S=4D,449,600,0,0.067226931462048597,m7,3,20,m5,47,1,-0.067226931462048597,/Users/yimingzang/Documents/Project/benchmark2/benchmark/examples/gaussian/results/ood_80d_10n/diagnostics/linf/pmp_ambiguity_frame.csv
density,m1,S=D,511,600,0,0.78934239875367374,m7,0,50,m8,30,1,-0.78934239875367374,/Users/yimingzang/Documents/Project/benchmark2/benchmark/examples/gaussian/results/ood_20d_10n/diagnostics/density/pmp_ambiguity_frame.csv
density,m2,S=D,511,600,0,0.022331594077932299,m2,0,110,m5,9,1,-0.022331594077932299,/Users/yimingzang/Documents/Project/benchmark2/benchmark/examples/gaussian/results/ood_20d_10n/diagnostics/density/pmp_ambiguity_frame.csv
density,m3,S=D,511,600,0,1,m3,0,100,m8,22,1,1,/Users/yimingzang/Documents/Project/benchmark2/benchmark/examples/gaussian/results/ood_20d_10n/diagnostics/density/pmp_ambiguity_frame.csv
density,m4,S=D,511,600,0,0.85793196046961406,m7,0,50,m8,1,1,-0.85793196046961406,/Users/yimingzang/Documents/Project/benchmark2/benchmark/examples/gaussian/results/ood_20d_10n/diagnostics/density/pmp_ambiguity_frame.csv
density,m1,S=2D,302,600,0,0.0102964020587642,m7,12,4,m1,29,1,0.0102964020587642,/Users/yimingzang/Documents/Project/benchmark2/benchmark/examples/gaussian/results/ood_40d_10n/diagnostics/density/pmp_ambiguity_frame.csv
density,m2,S=2D,302,600,0,2.5867117336986212e-09,m2,0,51,m5,29,1,-2.5867117336986212e-09,/Users/yimingzang/Documents/Project/benchmark2/benchmark/examples/gaussian/results/ood_40d_10n/diagnostics/density/pmp_ambiguity_frame.csv
density,m3,S=2D,302,600,0,1.2395536844823118e-41,m3,0,52,m1,38,1,1.2395536844823118e-41,/Users/yimingzang/Documents/Project/benchmark2/benchmark/examples/gaussian/results/ood_40d_10n/diagnostics/density/pmp_ambiguity_frame.csv
density,m4,S=2D,302,600,0,0.0102964020587642,m7,12,4,m1,29,1,-0.0102964020587642,/Users/yimingzang/Documents/Project/benchmark2/benchmark/examples/gaussian/results/ood_40d_10n/diagnostics/density/pmp_ambiguity_frame.csv
density,m1,S=4D,292,600,2.1125054335083903e-284,0.0181051752808053,m3,16,1,m1,32,1,-0.0181051752808053,/Users/yimingzang/Documents/Project/benchmark2/benchmark/examples/gaussian/results/ood_80d_10n/diagnostics/density/pmp_ambiguity_frame.csv
density,m2,S=4D,292,600,0,4.0136100440654159e-07,m2,0,46,m5,20,1,-4.0136100440654159e-07,/Users/yimingzang/Documents/Project/benchmark2/benchmark/examples/gaussian/results/ood_80d_10n/diagnostics/density/pmp_ambiguity_frame.csv
density,m3,S=4D,292,600,0,3.8940008857005184e-42,m3,0,47,m1,27,1,-3.8940008857005184e-42,/Users/yimingzang/Documents/Project/benchmark2/benchmark/examples/gaussian/results/ood_80d_10n/diagnostics/density/pmp_ambiguity_frame.csv
density,m4,S=4D,292,600,1.0751152424348207e-285,0.018105175280805401,m3,16,1,m1,32,1,0.018105175280805401,/Users/yimingzang/Documents/Project/benchmark2/benchmark/examples/gaussian/results/ood_80d_10n/diagnostics/density/pmp_ambiguity_frame.csv
mmd,m1,S=D,448,600,0,0.024103317115471201,m7,0,50,m9,13,1,-0.024103317115471201,/Users/yimingzang/Documents/Project/benchmark2/benchmark/examples/gaussian/results/ood_20d_10n/diagnostics/mmd/pmp_ambiguity_frame.csv
mmd,m2,S=D,448,600,0,8.5402573901660617e-11,m2,0,98,m5,15,1,-8.5402573901660617e-11,/Users/yimingzang/Documents/Project/benchmark2/benchmark/examples/gaussian/results/ood_20d_10n/diagnostics/mmd/pmp_ambiguity_frame.csv
mmd,m3,S=D,448,600,0,1.0378300917459626e-41,m3,0,99,m1,27,1,1.0378300917459626e-41,/Users/yimingzang/Documents/Project/benchmark2/benchmark/examples/gaussian/results/ood_20d_10n/diagnostics/mmd/pmp_ambiguity_frame.csv
mmd,m4,S=D,448,600,0,0.024103317115471201,m7,0,50,m9,13,1,0.024103317115471201,/Users/yimingzang/Documents/Project/benchmark2/benchmark/examples/gaussian/results/ood_20d_10n/diagnostics/mmd/pmp_ambiguity_frame.csv
mmd,m1,S=2D,418,600,0,0.0124266299718405,m7,0,50,m10,16,1,-0.0124266299718405,/Users/yimingzang/Documents/Project/benchmark2/benchmark/examples/gaussian/results/ood_40d_10n/diagnostics/mmd/pmp_ambiguity_frame.csv
mmd,m2,S=2D,418,600,0,3.078386769657794e-13,m2,0,96,m5,32,1,-3.078386769657794e-13,/Users/yimingzang/Documents/Project/benchmark2/benchmark/examples/gaussian/results/ood_40d_10n/diagnostics/mmd/pmp_ambiguity_frame.csv
mmd,m3,S=2D,418,600,0,1.2395536844823118e-41,m3,0,100,m1,38,1,1.2395536844823118e-41,/Users/yimingzang/Documents/Project/benchmark2/benchmark/examples/gaussian/results/ood_40d_10n/diagnostics/mmd/pmp_ambiguity_frame.csv
mmd,m4,S=2D,418,600,0,0.012426629971840601,m7,0,50,m10,16,1,0.012426629971840601,/Users/yimingzang/Documents/Project/benchmark2/benchmark/examples/gaussian/results/ood_40d_10n/diagnostics/mmd/pmp_ambiguity_frame.csv
mmd,m1,S=4D,398,600,0,0.0182653714137893,m7,0,50,m10,6,1,-0.0182653714137893,/Users/yimingzang/Documents/Project/benchmark2/benchmark/examples/gaussian/results/ood_80d_10n/diagnostics/mmd/pmp_ambiguity_frame.csv
mmd,m2,S=4D,398,600,0,1.0291545600627755e-09,m2,0,99,m5,1,1,-1.0291545600627755e-09,/Users/yimingzang/Documents/Project/benchmark2/benchmark/examples/gaussian/results/ood_80d_10n/diagnostics/mmd/pmp_ambiguity_frame.csv
mmd,m3,S=4D,398,600,0,3.8940008857005184e-42,m3,0,100,m1,27,1,-3.8940008857005184e-42,/Users/yimingzang/Documents/Project/benchmark2/benchmark/examples/gaussian/results/ood_80d_10n/diagnostics/mmd/pmp_ambiguity_frame.csv
mmd,m4,S=4D,398,600,0,0.0182653714137892,m7,0,50,m10,6,1,0.0182653714137892,/Users/yimingzang/Documents/Project/benchmark2/benchmark/examples/gaussian/results/ood_80d_10n/diagnostics/mmd/pmp_ambiguity_frame.csv
