dataset_id,generating_model,generation_seed
0,m2,12025
1,m2,12025
2,m2,12025
3,m2,12025
4,m2,12025
5,m2,12025
6,m2,12025
7,m2,12025
8,m2,12025
9,m2,12025
10,m2,12025
11,m2,12025
12,m2,12025
13,m2,12025
14,m2,12025
15,m2,12025
16,m2,12025
17,m2,12025
18,m2,12025
19,m2,12025
20,m2,12025
21,m2,12025
22,m2,12025
23,m2,12025
24,m2,12025
25,m2,12025
26,m2,12025
27,m2,12025
28,m2,12025
29,m2,12025
30,m2,12025
31,m2,12025
32,m2,12025
33,m2,12025
34,m2,12025
35,m2,12025
36,m2,12025
37,m2,12025
38,m2,12025
39,m2,12025
40,m2,12025
41,m2,12025
42,m2,12025
43,m2,12025
44,m2,12025
45,m2,12025
46,m2,12025
47,m2,12025
48,m2,12025
49,m2,12025
50,m2,12025
51,m2,12025
52,m2,12025
53,m2,12025
54,m2,12025
55,m2,12025
56,m2,12025
57,m2,12025
58,m2,12025
59,m2,12025
60,m2,12025
61,m2,12025
62,m2,12025
63,m2,12025
64,m2,12025
65,m2,12025
66,m2,12025
67,m2,12025
68,m2,12025
69,m2,12025
70,m2,12025
71,m2,12025
72,m2,12025
73,m2,12025
74,m2,12025
75,m2,12025
76,m2,12025
77,m2,12025
78,m2,12025
79,m2,12025
80,m2,12025
81,m2,12025
82,m2,12025
83,m2,12025
84,m2,12025
85,m2,12025
86,m2,12025
87,m2,12025
88,m2,12025
89,m2,12025
90,m2,12025
91,m2,12025
92,m2,12025
93,m2,12025
94,m2,12025
95,m2,12025
96,m2,12025
97,m2,12025
98,m2,12025
99,m2,12025
